2026-03-21T12:06:43.689-04:00  INFO 12403 --- [web] [http-nio-8081-exec-1] w.p.s.p.FiveStrategicMarketingPageSlide  :  cell data 7. What are your:
2026-03-21T12:06:43.706-04:00  INFO 12403 --- [web] [http-nio-8081-exec-1] w.p.s.p.FiveStrategicMarketingPageSlide  : raw Text 7. What are your:
2026-03-21T12:06:43.706-04:00  INFO 12403 --- [web] [http-nio-8081-exec-1] w.p.s.p.FiveStrategicMarketingPageSlide  :  cell data Poorest performing months
2026-03-21T12:06:43.706-04:00  INFO 12403 --- [web] [http-nio-8081-exec-1] w.p.s.p.FiveStrategicMarketingPageSlide  : raw Text Poorest performing months
2026-03-21T12:06:43.707-04:00  INFO 12403 --- [web] [http-nio-8081-exec-1] w.p.s.p.FiveStrategicMarketingPageSlide  :  cell data Best performing months
2026-03-21T12:06:43.707-04:00  INFO 12403 --- [web] [http-nio-8081-exec-1] w.p.s.p.FiveStrategicMarketingPageSlide  : raw Text Best performing months
2026-03-21T12:06:43.707-04:00  INFO 12403 --- [web] [http-nio-8081-exec-1] w.p.s.p.FiveStrategicMarketingPageSlide  :  cell data Best performing days
2026-03-21T12:06:43.708-04:00  INFO 12403 --- [web] [http-nio-8081-exec-1] w.p.s.p.FiveStrategicMarketingPageSlide  : raw Text Best performing days
2026-03-21T12:06:43.708-04:00  INFO 12403 --- [web] [http-nio-8081-exec-1] w.p.s.p.FiveStrategicMarketingPageSlide  :  cell data 
2026-03-21T12:06:43.709-04:00  INFO 12403 --- [web] [http-nio-8081-exec-1] w.p.s.p.FiveStrategicMarketingPageSlide  :  cell data poorestMonths
2026-03-21T12:06:43.709-04:00  INFO 12403 --- [web] [http-nio-8081-exec-1] w.p.s.p.FiveStrategicMarketingPageSlide  : raw Text poorestMonths
2026-03-21T12:06:43.711-04:00  INFO 12403 --- [web] [http-nio-8081-exec-1] w.p.s.p.FiveStrategicMarketingPageSlide  :  cell data bestMonths
2026-03-21T12:06:43.711-04:00  INFO 12403 --- [web] [http-nio-8081-exec-1] w.p.s.p.FiveStrategicMarketingPageSlide  : raw Text bestMonths
2026-03-21T12:06:43.711-04:00  INFO 12403 --- [web] [http-nio-8081-exec-1] w.p.s.p.FiveStrategicMarketingPageSlide  :  cell data bestDays
2026-03-21T12:06:43.711-04:00  INFO 12403 --- [web] [http-nio-8081-exec-1] w.p.s.p.FiveStrategicMarketingPageSlide  : raw Text bestDays
2026-03-21T12:06:43.712-04:00  INFO 12403 --- [web] [http-nio-8081-exec-1] w.p.s.p.FiveStrategicMarketingPageSlide  : END populateSlide 
2026-03-21T12:06:43.728-04:00  INFO 12403 --- [web] [http-nio-8081-exec-1] w.p.s.p.SixTargetMarketingSlide          :  cell data 
2026-03-21T12:06:43.729-04:00  INFO 12403 --- [web] [http-nio-8081-exec-1] w.p.s.p.SixTargetMarketingSlide          :  cell data 
2026-03-21T12:06:43.730-04:00  INFO 12403 --- [web] [http-nio-8081-exec-1] w.p.s.p.SixTargetMarketingSlide          :  cell data Target 85%
2026-03-21T12:06:43.731-04:00  INFO 12403 --- [web] [http-nio-8081-exec-1] w.p.s.p.SixTargetMarketingSlide          : raw Text Target 85%
2026-03-21T12:06:43.731-04:00  INFO 12403 --- [web] [http-nio-8081-exec-1] w.p.s.p.SixTargetMarketingSlide          :  cell data 
2026-03-21T12:06:43.732-04:00  INFO 12403 --- [web] [http-nio-8081-exec-1] w.p.s.p.SixTargetMarketingSlide          :  cell data 
2026-03-21T12:06:43.732-04:00  INFO 12403 --- [web] [http-nio-8081-exec-1] w.p.s.p.SixTargetMarketingSlide          :  cell data 
2026-03-21T12:06:43.733-04:00  INFO 12403 --- [web] [http-nio-8081-exec-1] w.p.s.p.SixTargetMarketingSlide          :  cell data 12-18
2026-03-21T12:06:43.733-04:00  INFO 12403 --- [web] [http-nio-8081-exec-1] w.p.s.p.SixTargetMarketingSlide          : raw Text 12-18
2026-03-21T12:06:43.734-04:00  INFO 12403 --- [web] [http-nio-8081-exec-1] w.p.s.p.SixTargetMarketingSlide          :  cell data 19-25
2026-03-21T12:06:43.734-04:00  INFO 12403 --- [web] [http-nio-8081-exec-1] w.p.s.p.SixTargetMarketingSlide          : raw Text 19-25
2026-03-21T12:06:43.735-04:00  INFO 12403 --- [web] [http-nio-8081-exec-1] w.p.s.p.SixTargetMarketingSlide          :  cell data 26-35
2026-03-21T12:06:43.735-04:00  INFO 12403 --- [web] [http-nio-8081-exec-1] w.p.s.p.SixTargetMarketingSlide          : raw Text 26-35
2026-03-21T12:06:43.735-04:00  INFO 12403 --- [web] [http-nio-8081-exec-1] w.p.s.p.SixTargetMarketingSlide          :  cell data 36-45
2026-03-21T12:06:43.735-04:00  INFO 12403 --- [web] [http-nio-8081-exec-1] w.p.s.p.SixTargetMarketingSlide          : raw Text 36-45
2026-03-21T12:06:43.736-04:00  INFO 12403 --- [web] [http-nio-8081-exec-1] w.p.s.p.SixTargetMarketingSlide          :  cell data 46-55
2026-03-21T12:06:43.737-04:00  INFO 12403 --- [web] [http-nio-8081-exec-1] w.p.s.p.SixTargetMarketingSlide          : raw Text 46-55
2026-03-21T12:06:43.738-04:00  INFO 12403 --- [web] [http-nio-8081-exec-1] w.p.s.p.SixTargetMarketingSlide          :  cell data 56+
2026-03-21T12:06:43.738-04:00  INFO 12403 --- [web] [http-nio-8081-exec-1] w.p.s.p.SixTargetMarketingSlide          : raw Text 56+
2026-03-21T12:06:43.738-04:00  INFO 12403 --- [web] [http-nio-8081-exec-1] w.p.s.p.SixTargetMarketingSlide          :  cell data have12to18
2026-03-21T12:06:43.738-04:00  INFO 12403 --- [web] [http-nio-8081-exec-1] w.p.s.p.SixTargetMarketingSlide          : raw Text have12to18
2026-03-21T12:06:43.738-04:00  INFO 12403 --- [web] [http-nio-8081-exec-1] w.p.s.p.SixTargetMarketingSlide          :  cell data have19to25
2026-03-21T12:06:43.739-04:00  INFO 12403 --- [web] [http-nio-8081-exec-1] w.p.s.p.SixTargetMarketingSlide          : raw Text have19to25
2026-03-21T12:06:43.739-04:00  INFO 12403 --- [web] [http-nio-8081-exec-1] w.p.s.p.SixTargetMarketingSlide          :  cell data have26to35
2026-03-21T12:06:43.739-04:00  INFO 12403 --- [web] [http-nio-8081-exec-1] w.p.s.p.SixTargetMarketingSlide          : raw Text have26to35
2026-03-21T12:06:43.739-04:00  INFO 12403 --- [web] [http-nio-8081-exec-1] w.p.s.p.SixTargetMarketingSlide          :  cell data have36to45
2026-03-21T12:06:43.739-04:00  INFO 12403 --- [web] [http-nio-8081-exec-1] w.p.s.p.SixTargetMarketingSlide          : raw Text have36to45
2026-03-21T12:06:43.739-04:00  INFO 12403 --- [web] [http-nio-8081-exec-1] w.p.s.p.SixTargetMarketingSlide          :  cell data have46to55
2026-03-21T12:06:43.739-04:00  INFO 12403 --- [web] [http-nio-8081-exec-1] w.p.s.p.SixTargetMarketingSlide          : raw Text have46to55
2026-03-21T12:06:43.741-04:00  INFO 12403 --- [web] [http-nio-8081-exec-1] w.p.s.p.SixTargetMarketingSlide          :  cell data have56Plus
2026-03-21T12:06:43.742-04:00  INFO 12403 --- [web] [http-nio-8081-exec-1] w.p.s.p.SixTargetMarketingSlide          : raw Text have56Plus
2026-03-21T12:06:43.742-04:00  INFO 12403 --- [web] [http-nio-8081-exec-1] w.p.s.p.SixTargetMarketingSlide          :  cell data want19to25
2026-03-21T12:06:43.743-04:00  INFO 12403 --- [web] [http-nio-8081-exec-1] w.p.s.p.SixTargetMarketingSlide          : raw Text want19to25
2026-03-21T12:06:43.743-04:00  INFO 12403 --- [web] [http-nio-8081-exec-1] w.p.s.p.SixTargetMarketingSlide          :  cell data want19to25
2026-03-21T12:06:43.743-04:00  INFO 12403 --- [web] [http-nio-8081-exec-1] w.p.s.p.SixTargetMarketingSlide          : raw Text want19to25
2026-03-21T12:06:43.743-04:00  INFO 12403 --- [web] [http-nio-8081-exec-1] w.p.s.p.SixTargetMarketingSlide          :  cell data want26to35
2026-03-21T12:06:43.743-04:00  INFO 12403 --- [web] [http-nio-8081-exec-1] w.p.s.p.SixTargetMarketingSlide          : raw Text want26to35
2026-03-21T12:06:43.744-04:00  INFO 12403 --- [web] [http-nio-8081-exec-1] w.p.s.p.SixTargetMarketingSlide          :  cell data want36to45
2026-03-21T12:06:43.744-04:00  INFO 12403 --- [web] [http-nio-8081-exec-1] w.p.s.p.SixTargetMarketingSlide          : raw Text want36to45
2026-03-21T12:06:43.744-04:00  INFO 12403 --- [web] [http-nio-8081-exec-1] w.p.s.p.SixTargetMarketingSlide          :  cell data want46to55
2026-03-21T12:06:43.744-04:00  INFO 12403 --- [web] [http-nio-8081-exec-1] w.p.s.p.SixTargetMarketingSlide          : raw Text want46to55
2026-03-21T12:06:43.744-04:00  INFO 12403 --- [web] [http-nio-8081-exec-1] w.p.s.p.SixTargetMarketingSlide          :  cell data want55Plus
2026-03-21T12:06:43.744-04:00  INFO 12403 --- [web] [http-nio-8081-exec-1] w.p.s.p.SixTargetMarketingSlide          : raw Text want55Plus
2026-03-21T17:52:12.579-04:00  INFO 13567 --- [web] [http-nio-8081-exec-3] w.p.s.p.SixTargetMarketingSlide          :  cell data 
2026-03-21T17:52:12.597-04:00  INFO 13567 --- [web] [http-nio-8081-exec-3] w.p.s.p.SixTargetMarketingSlide          :  cell data 
2026-03-21T17:52:12.598-04:00  INFO 13567 --- [web] [http-nio-8081-exec-3] w.p.s.p.SixTargetMarketingSlide          :  cell data Target 85%
2026-03-21T17:52:12.598-04:00  INFO 13567 --- [web] [http-nio-8081-exec-3] w.p.s.p.SixTargetMarketingSlide          : raw Text Target 85%
2026-03-21T17:52:12.599-04:00  INFO 13567 --- [web] [http-nio-8081-exec-3] w.p.s.p.SixTargetMarketingSlide          :  cell data 
2026-03-21T17:52:12.599-04:00  INFO 13567 --- [web] [http-nio-8081-exec-3] w.p.s.p.SixTargetMarketingSlide          :  cell data 
2026-03-21T17:52:12.599-04:00  INFO 13567 --- [web] [http-nio-8081-exec-3] w.p.s.p.SixTargetMarketingSlide          :  cell data 
2026-03-21T17:52:12.600-04:00  INFO 13567 --- [web] [http-nio-8081-exec-3] w.p.s.p.SixTargetMarketingSlide          :  cell data 12-18
2026-03-21T17:52:12.600-04:00  INFO 13567 --- [web] [http-nio-8081-exec-3] w.p.s.p.SixTargetMarketingSlide          : raw Text 12-18
2026-03-21T17:52:12.600-04:00  INFO 13567 --- [web] [http-nio-8081-exec-3] w.p.s.p.SixTargetMarketingSlide          :  cell data 19-25
2026-03-21T17:52:12.600-04:00  INFO 13567 --- [web] [http-nio-8081-exec-3] w.p.s.p.SixTargetMarketingSlide          : raw Text 19-25
2026-03-21T17:52:12.601-04:00  INFO 13567 --- [web] [http-nio-8081-exec-3] w.p.s.p.SixTargetMarketingSlide          :  cell data 26-35
2026-03-21T17:52:12.602-04:00  INFO 13567 --- [web] [http-nio-8081-exec-3] w.p.s.p.SixTargetMarketingSlide          : raw Text 26-35
2026-03-21T17:52:12.602-04:00  INFO 13567 --- [web] [http-nio-8081-exec-3] w.p.s.p.SixTargetMarketingSlide          :  cell data 36-45
2026-03-21T17:52:12.602-04:00  INFO 13567 --- [web] [http-nio-8081-exec-3] w.p.s.p.SixTargetMarketingSlide          : raw Text 36-45
2026-03-21T17:52:12.602-04:00  INFO 13567 --- [web] [http-nio-8081-exec-3] w.p.s.p.SixTargetMarketingSlide          :  cell data 46-55
2026-03-21T17:52:12.602-04:00  INFO 13567 --- [web] [http-nio-8081-exec-3] w.p.s.p.SixTargetMarketingSlide          : raw Text 46-55
2026-03-21T17:52:12.603-04:00  INFO 13567 --- [web] [http-nio-8081-exec-3] w.p.s.p.SixTargetMarketingSlide          :  cell data 56+
2026-03-21T17:52:12.603-04:00  INFO 13567 --- [web] [http-nio-8081-exec-3] w.p.s.p.SixTargetMarketingSlide          : raw Text 56+
2026-03-21T17:52:12.604-04:00  INFO 13567 --- [web] [http-nio-8081-exec-3] w.p.s.p.SixTargetMarketingSlide          :  cell data have12to18
2026-03-21T17:52:12.604-04:00  INFO 13567 --- [web] [http-nio-8081-exec-3] w.p.s.p.SixTargetMarketingSlide          : raw Text have12to18
2026-03-21T17:52:12.604-04:00  INFO 13567 --- [web] [http-nio-8081-exec-3] w.p.s.p.SixTargetMarketingSlide          :  cell data have19to25
2026-03-21T17:52:12.604-04:00  INFO 13567 --- [web] [http-nio-8081-exec-3] w.p.s.p.SixTargetMarketingSlide          : raw Text have19to25
2026-03-21T17:52:12.605-04:00  INFO 13567 --- [web] [http-nio-8081-exec-3] w.p.s.p.SixTargetMarketingSlide          :  cell data have26to35
2026-03-21T17:52:12.605-04:00  INFO 13567 --- [web] [http-nio-8081-exec-3] w.p.s.p.SixTargetMarketingSlide          : raw Text have26to35
2026-03-21T17:52:12.605-04:00  INFO 13567 --- [web] [http-nio-8081-exec-3] w.p.s.p.SixTargetMarketingSlide          :  cell data have36to45
2026-03-21T17:52:12.606-04:00  INFO 13567 --- [web] [http-nio-8081-exec-3] w.p.s.p.SixTargetMarketingSlide          : raw Text have36to45
2026-03-21T17:52:12.607-04:00  INFO 13567 --- [web] [http-nio-8081-exec-3] w.p.s.p.SixTargetMarketingSlide          :  cell data have46to55
2026-03-21T17:52:12.607-04:00  INFO 13567 --- [web] [http-nio-8081-exec-3] w.p.s.p.SixTargetMarketingSlide          : raw Text have46to55
2026-03-21T17:52:12.607-04:00  INFO 13567 --- [web] [http-nio-8081-exec-3] w.p.s.p.SixTargetMarketingSlide          :  cell data have56Plus
2026-03-21T17:52:12.607-04:00  INFO 13567 --- [web] [http-nio-8081-exec-3] w.p.s.p.SixTargetMarketingSlide          : raw Text have56Plus
2026-03-21T17:52:12.607-04:00  INFO 13567 --- [web] [http-nio-8081-exec-3] w.p.s.p.SixTargetMarketingSlide          :  cell data want19to25
2026-03-21T17:52:12.607-04:00  INFO 13567 --- [web] [http-nio-8081-exec-3] w.p.s.p.SixTargetMarketingSlide          : raw Text want19to25
2026-03-21T17:52:12.608-04:00  INFO 13567 --- [web] [http-nio-8081-exec-3] w.p.s.p.SixTargetMarketingSlide          :  cell data want19to25
2026-03-21T17:52:12.608-04:00  INFO 13567 --- [web] [http-nio-8081-exec-3] w.p.s.p.SixTargetMarketingSlide          : raw Text want19to25
2026-03-21T17:52:12.608-04:00  INFO 13567 --- [web] [http-nio-8081-exec-3] w.p.s.p.SixTargetMarketingSlide          :  cell data want26to35
2026-03-21T17:52:12.609-04:00  INFO 13567 --- [web] [http-nio-8081-exec-3] w.p.s.p.SixTargetMarketingSlide          : raw Text want26to35
2026-03-21T17:52:12.609-04:00  INFO 13567 --- [web] [http-nio-8081-exec-3] w.p.s.p.SixTargetMarketingSlide          :  cell data want36to45
2026-03-21T17:52:12.609-04:00  INFO 13567 --- [web] [http-nio-8081-exec-3] w.p.s.p.SixTargetMarketingSlide          : raw Text want36to45
2026-03-21T17:52:12.609-04:00  INFO 13567 --- [web] [http-nio-8081-exec-3] w.p.s.p.SixTargetMarketingSlide          :  cell data want46to55
2026-03-21T17:52:12.609-04:00  INFO 13567 --- [web] [http-nio-8081-exec-3] w.p.s.p.SixTargetMarketingSlide          : raw Text want46to55
2026-03-21T17:52:12.610-04:00  INFO 13567 --- [web] [http-nio-8081-exec-3] w.p.s.p.SixTargetMarketingSlide          :  cell data want55Plus
2026-03-21T17:52:12.610-04:00  INFO 13567 --- [web] [http-nio-8081-exec-3] w.p.s.p.SixTargetMarketingSlide          : raw Text want55Plus
2026-03-28T10:59:44.887-04:00  INFO 4794 --- [web] [http-nio-8081-exec-2] w.p.s.p.SixTargetMarketingSlide          :  cell data 
2026-03-28T10:59:44.902-04:00  INFO 4794 --- [web] [http-nio-8081-exec-2] w.p.s.p.SixTargetMarketingSlide          :  cell data 
2026-03-28T10:59:44.903-04:00  INFO 4794 --- [web] [http-nio-8081-exec-2] w.p.s.p.SixTargetMarketingSlide          :  cell data Target 85%
2026-03-28T10:59:44.903-04:00  INFO 4794 --- [web] [http-nio-8081-exec-2] w.p.s.p.SixTargetMarketingSlide          : raw Text Target 85%
2026-03-28T10:59:44.903-04:00  INFO 4794 --- [web] [http-nio-8081-exec-2] w.p.s.p.SixTargetMarketingSlide          :  cell data 
2026-03-28T10:59:44.903-04:00  INFO 4794 --- [web] [http-nio-8081-exec-2] w.p.s.p.SixTargetMarketingSlide          :  cell data 
2026-03-28T10:59:44.904-04:00  INFO 4794 --- [web] [http-nio-8081-exec-2] w.p.s.p.SixTargetMarketingSlide          :  cell data 
2026-03-28T10:59:44.904-04:00  INFO 4794 --- [web] [http-nio-8081-exec-2] w.p.s.p.SixTargetMarketingSlide          :  cell data 12-18
2026-03-28T10:59:44.905-04:00  INFO 4794 --- [web] [http-nio-8081-exec-2] w.p.s.p.SixTargetMarketingSlide          : raw Text 12-18
2026-03-28T10:59:44.905-04:00  INFO 4794 --- [web] [http-nio-8081-exec-2] w.p.s.p.SixTargetMarketingSlide          :  cell data 19-25
2026-03-28T10:59:44.905-04:00  INFO 4794 --- [web] [http-nio-8081-exec-2] w.p.s.p.SixTargetMarketingSlide          : raw Text 19-25
2026-03-28T10:59:44.906-04:00  INFO 4794 --- [web] [http-nio-8081-exec-2] w.p.s.p.SixTargetMarketingSlide          :  cell data 26-35
2026-03-28T10:59:44.906-04:00  INFO 4794 --- [web] [http-nio-8081-exec-2] w.p.s.p.SixTargetMarketingSlide          : raw Text 26-35
2026-03-28T10:59:44.906-04:00  INFO 4794 --- [web] [http-nio-8081-exec-2] w.p.s.p.SixTargetMarketingSlide          :  cell data 36-45
2026-03-28T10:59:44.906-04:00  INFO 4794 --- [web] [http-nio-8081-exec-2] w.p.s.p.SixTargetMarketingSlide          : raw Text 36-45
2026-03-28T10:59:44.906-04:00  INFO 4794 --- [web] [http-nio-8081-exec-2] w.p.s.p.SixTargetMarketingSlide          :  cell data 46-55
2026-03-28T10:59:44.906-04:00  INFO 4794 --- [web] [http-nio-8081-exec-2] w.p.s.p.SixTargetMarketingSlide          : raw Text 46-55
2026-03-28T10:59:44.906-04:00  INFO 4794 --- [web] [http-nio-8081-exec-2] w.p.s.p.SixTargetMarketingSlide          :  cell data 56+
2026-03-28T10:59:44.907-04:00  INFO 4794 --- [web] [http-nio-8081-exec-2] w.p.s.p.SixTargetMarketingSlide          : raw Text 56+
2026-03-28T10:59:44.907-04:00  INFO 4794 --- [web] [http-nio-8081-exec-2] w.p.s.p.SixTargetMarketingSlide          :  cell data have12to18
2026-03-28T10:59:44.908-04:00  INFO 4794 --- [web] [http-nio-8081-exec-2] w.p.s.p.SixTargetMarketingSlide          : raw Text have12to18
2026-03-28T10:59:44.908-04:00  INFO 4794 --- [web] [http-nio-8081-exec-2] w.p.s.p.SixTargetMarketingSlide          :  cell data have19to25
2026-03-28T10:59:44.908-04:00  INFO 4794 --- [web] [http-nio-8081-exec-2] w.p.s.p.SixTargetMarketingSlide          : raw Text have19to25
2026-03-28T10:59:44.908-04:00  INFO 4794 --- [web] [http-nio-8081-exec-2] w.p.s.p.SixTargetMarketingSlide          :  cell data have26to35
2026-03-28T10:59:44.909-04:00  INFO 4794 --- [web] [http-nio-8081-exec-2] w.p.s.p.SixTargetMarketingSlide          : raw Text have26to35
2026-03-28T10:59:44.909-04:00  INFO 4794 --- [web] [http-nio-8081-exec-2] w.p.s.p.SixTargetMarketingSlide          :  cell data have36to45
2026-03-28T10:59:44.909-04:00  INFO 4794 --- [web] [http-nio-8081-exec-2] w.p.s.p.SixTargetMarketingSlide          : raw Text have36to45
2026-03-28T10:59:44.910-04:00  INFO 4794 --- [web] [http-nio-8081-exec-2] w.p.s.p.SixTargetMarketingSlide          :  cell data have46to55
2026-03-28T10:59:44.910-04:00  INFO 4794 --- [web] [http-nio-8081-exec-2] w.p.s.p.SixTargetMarketingSlide          : raw Text have46to55
2026-03-28T10:59:44.910-04:00  INFO 4794 --- [web] [http-nio-8081-exec-2] w.p.s.p.SixTargetMarketingSlide          :  cell data have56Plus
2026-03-28T10:59:44.910-04:00  INFO 4794 --- [web] [http-nio-8081-exec-2] w.p.s.p.SixTargetMarketingSlide          : raw Text have56Plus
2026-03-28T10:59:44.911-04:00  INFO 4794 --- [web] [http-nio-8081-exec-2] w.p.s.p.SixTargetMarketingSlide          :  cell data want19to25
2026-03-28T10:59:44.911-04:00  INFO 4794 --- [web] [http-nio-8081-exec-2] w.p.s.p.SixTargetMarketingSlide          : raw Text want19to25
2026-03-28T10:59:44.911-04:00  INFO 4794 --- [web] [http-nio-8081-exec-2] w.p.s.p.SixTargetMarketingSlide          :  cell data want19to25
2026-03-28T10:59:44.912-04:00  INFO 4794 --- [web] [http-nio-8081-exec-2] w.p.s.p.SixTargetMarketingSlide          : raw Text want19to25
2026-03-28T10:59:44.912-04:00  INFO 4794 --- [web] [http-nio-8081-exec-2] w.p.s.p.SixTargetMarketingSlide          :  cell data want26to35
2026-03-28T10:59:44.912-04:00  INFO 4794 --- [web] [http-nio-8081-exec-2] w.p.s.p.SixTargetMarketingSlide          : raw Text want26to35
2026-03-28T10:59:44.912-04:00  INFO 4794 --- [web] [http-nio-8081-exec-2] w.p.s.p.SixTargetMarketingSlide          :  cell data want36to45
2026-03-28T10:59:44.912-04:00  INFO 4794 --- [web] [http-nio-8081-exec-2] w.p.s.p.SixTargetMarketingSlide          : raw Text want36to45
2026-03-28T10:59:44.912-04:00  INFO 4794 --- [web] [http-nio-8081-exec-2] w.p.s.p.SixTargetMarketingSlide          :  cell data want46to55
2026-03-28T10:59:44.912-04:00  INFO 4794 --- [web] [http-nio-8081-exec-2] w.p.s.p.SixTargetMarketingSlide          : raw Text want46to55
2026-03-28T10:59:44.913-04:00  INFO 4794 --- [web] [http-nio-8081-exec-2] w.p.s.p.SixTargetMarketingSlide          :  cell data want55Plus
2026-03-28T10:59:44.913-04:00  INFO 4794 --- [web] [http-nio-8081-exec-2] w.p.s.p.SixTargetMarketingSlide          : raw Text want55Plus
2026-04-12T15:18:21.974-04:00  INFO 1039 --- [web] [http-nio-8081-exec-8] w.p.s.p.SixTargetMarketingSlide          :  cell data 
2026-04-12T15:18:21.989-04:00  INFO 1039 --- [web] [http-nio-8081-exec-8] w.p.s.p.SixTargetMarketingSlide          :  cell data 
2026-04-12T15:18:21.990-04:00  INFO 1039 --- [web] [http-nio-8081-exec-8] w.p.s.p.SixTargetMarketingSlide          :  cell data Target 85%
2026-04-12T15:18:21.990-04:00  INFO 1039 --- [web] [http-nio-8081-exec-8] w.p.s.p.SixTargetMarketingSlide          : raw Text Target 85%
2026-04-12T15:18:21.990-04:00  INFO 1039 --- [web] [http-nio-8081-exec-8] w.p.s.p.SixTargetMarketingSlide          :  cell data 
2026-04-12T15:18:21.991-04:00  INFO 1039 --- [web] [http-nio-8081-exec-8] w.p.s.p.SixTargetMarketingSlide          :  cell data 
2026-04-12T15:18:21.991-04:00  INFO 1039 --- [web] [http-nio-8081-exec-8] w.p.s.p.SixTargetMarketingSlide          :  cell data 
2026-04-12T15:18:21.991-04:00  INFO 1039 --- [web] [http-nio-8081-exec-8] w.p.s.p.SixTargetMarketingSlide          :  cell data 12-18
2026-04-12T15:18:21.991-04:00  INFO 1039 --- [web] [http-nio-8081-exec-8] w.p.s.p.SixTargetMarketingSlide          : raw Text 12-18
2026-04-12T15:18:21.992-04:00  INFO 1039 --- [web] [http-nio-8081-exec-8] w.p.s.p.SixTargetMarketingSlide          :  cell data 19-25
2026-04-12T15:18:21.992-04:00  INFO 1039 --- [web] [http-nio-8081-exec-8] w.p.s.p.SixTargetMarketingSlide          : raw Text 19-25
2026-04-12T15:18:21.994-04:00  INFO 1039 --- [web] [http-nio-8081-exec-3] w.p.s.p.SixTargetMarketingSlide          :  cell data 
2026-04-12T15:18:21.995-04:00  INFO 1039 --- [web] [http-nio-8081-exec-8] w.p.s.p.SixTargetMarketingSlide          :  cell data 26-35
2026-04-12T15:18:21.995-04:00  INFO 1039 --- [web] [http-nio-8081-exec-3] w.p.s.p.SixTargetMarketingSlide          :  cell data 
2026-04-12T15:18:21.995-04:00  INFO 1039 --- [web] [http-nio-8081-exec-8] w.p.s.p.SixTargetMarketingSlide          : raw Text 26-35
2026-04-12T15:18:21.995-04:00  INFO 1039 --- [web] [http-nio-8081-exec-3] w.p.s.p.SixTargetMarketingSlide          :  cell data Target 85%
2026-04-12T15:18:21.996-04:00  INFO 1039 --- [web] [http-nio-8081-exec-3] w.p.s.p.SixTargetMarketingSlide          : raw Text Target 85%
2026-04-12T15:18:21.996-04:00  INFO 1039 --- [web] [http-nio-8081-exec-3] w.p.s.p.SixTargetMarketingSlide          :  cell data 
2026-04-12T15:18:21.996-04:00  INFO 1039 --- [web] [http-nio-8081-exec-8] w.p.s.p.SixTargetMarketingSlide          :  cell data 36-45
2026-04-12T15:18:21.997-04:00  INFO 1039 --- [web] [http-nio-8081-exec-8] w.p.s.p.SixTargetMarketingSlide          : raw Text 36-45
2026-04-12T15:18:21.997-04:00  INFO 1039 --- [web] [http-nio-8081-exec-3] w.p.s.p.SixTargetMarketingSlide          :  cell data 
2026-04-12T15:18:21.997-04:00  INFO 1039 --- [web] [http-nio-8081-exec-8] w.p.s.p.SixTargetMarketingSlide          :  cell data 46-55
2026-04-12T15:18:21.997-04:00  INFO 1039 --- [web] [http-nio-8081-exec-3] w.p.s.p.SixTargetMarketingSlide          :  cell data 
2026-04-12T15:18:21.998-04:00  INFO 1039 --- [web] [http-nio-8081-exec-8] w.p.s.p.SixTargetMarketingSlide          : raw Text 46-55
2026-04-12T15:18:21.998-04:00  INFO 1039 --- [web] [http-nio-8081-exec-8] w.p.s.p.SixTargetMarketingSlide          :  cell data 56+
2026-04-12T15:18:21.998-04:00  INFO 1039 --- [web] [http-nio-8081-exec-8] w.p.s.p.SixTargetMarketingSlide          : raw Text 56+
2026-04-12T15:18:21.998-04:00  INFO 1039 --- [web] [http-nio-8081-exec-8] w.p.s.p.SixTargetMarketingSlide          :  cell data have12to18
2026-04-12T15:18:21.998-04:00  INFO 1039 --- [web] [http-nio-8081-exec-3] w.p.s.p.SixTargetMarketingSlide          :  cell data 12-18
2026-04-12T15:18:21.998-04:00  INFO 1039 --- [web] [http-nio-8081-exec-8] w.p.s.p.SixTargetMarketingSlide          : raw Text have12to18
2026-04-12T15:18:21.998-04:00  INFO 1039 --- [web] [http-nio-8081-exec-3] w.p.s.p.SixTargetMarketingSlide          : raw Text 12-18
2026-04-12T15:18:21.999-04:00  INFO 1039 --- [web] [http-nio-8081-exec-3] w.p.s.p.SixTargetMarketingSlide          :  cell data 19-25
2026-04-12T15:18:21.999-04:00  INFO 1039 --- [web] [http-nio-8081-exec-3] w.p.s.p.SixTargetMarketingSlide          : raw Text 19-25
2026-04-12T15:18:21.999-04:00  INFO 1039 --- [web] [http-nio-8081-exec-8] w.p.s.p.SixTargetMarketingSlide          :  cell data have19to25
2026-04-12T15:18:22.000-04:00  INFO 1039 --- [web] [http-nio-8081-exec-3] w.p.s.p.SixTargetMarketingSlide          :  cell data 26-35
2026-04-12T15:18:22.000-04:00  INFO 1039 --- [web] [http-nio-8081-exec-8] w.p.s.p.SixTargetMarketingSlide          : raw Text have19to25
2026-04-12T15:18:22.000-04:00  INFO 1039 --- [web] [http-nio-8081-exec-3] w.p.s.p.SixTargetMarketingSlide          : raw Text 26-35
2026-04-12T15:18:22.001-04:00  INFO 1039 --- [web] [http-nio-8081-exec-3] w.p.s.p.SixTargetMarketingSlide          :  cell data 36-45
2026-04-12T15:18:22.001-04:00  INFO 1039 --- [web] [http-nio-8081-exec-3] w.p.s.p.SixTargetMarketingSlide          : raw Text 36-45
2026-04-12T15:18:22.002-04:00  INFO 1039 --- [web] [http-nio-8081-exec-3] w.p.s.p.SixTargetMarketingSlide          :  cell data 46-55
2026-04-12T15:18:22.002-04:00  INFO 1039 --- [web] [http-nio-8081-exec-3] w.p.s.p.SixTargetMarketingSlide          : raw Text 46-55
2026-04-12T15:18:22.002-04:00  INFO 1039 --- [web] [http-nio-8081-exec-8] w.p.s.p.SixTargetMarketingSlide          :  cell data have26to35
2026-04-12T15:18:22.003-04:00  INFO 1039 --- [web] [http-nio-8081-exec-3] w.p.s.p.SixTargetMarketingSlide          :  cell data 56+
2026-04-12T15:18:22.003-04:00  INFO 1039 --- [web] [http-nio-8081-exec-8] w.p.s.p.SixTargetMarketingSlide          : raw Text have26to35
2026-04-12T15:18:22.003-04:00  INFO 1039 --- [web] [http-nio-8081-exec-3] w.p.s.p.SixTargetMarketingSlide          : raw Text 56+
2026-04-12T15:18:22.004-04:00  INFO 1039 --- [web] [http-nio-8081-exec-3] w.p.s.p.SixTargetMarketingSlide          :  cell data have12to18
2026-04-12T15:18:22.004-04:00  INFO 1039 --- [web] [http-nio-8081-exec-8] w.p.s.p.SixTargetMarketingSlide          :  cell data have36to45
2026-04-12T15:18:22.005-04:00  INFO 1039 --- [web] [http-nio-8081-exec-8] w.p.s.p.SixTargetMarketingSlide          : raw Text have36to45
2026-04-12T15:18:22.005-04:00  INFO 1039 --- [web] [http-nio-8081-exec-8] w.p.s.p.SixTargetMarketingSlide          :  cell data have46to55
2026-04-12T15:18:22.005-04:00  INFO 1039 --- [web] [http-nio-8081-exec-3] w.p.s.p.SixTargetMarketingSlide          : raw Text have12to18
2026-04-12T15:18:22.005-04:00  INFO 1039 --- [web] [http-nio-8081-exec-3] w.p.s.p.SixTargetMarketingSlide          :  cell data have19to25
2026-04-12T15:18:22.005-04:00  INFO 1039 --- [web] [http-nio-8081-exec-8] w.p.s.p.SixTargetMarketingSlide          : raw Text have46to55
2026-04-12T15:18:22.006-04:00  INFO 1039 --- [web] [http-nio-8081-exec-8] w.p.s.p.SixTargetMarketingSlide          :  cell data have56Plus
2026-04-12T15:18:22.006-04:00  INFO 1039 --- [web] [http-nio-8081-exec-3] w.p.s.p.SixTargetMarketingSlide          : raw Text have19to25
2026-04-12T15:18:22.006-04:00  INFO 1039 --- [web] [http-nio-8081-exec-8] w.p.s.p.SixTargetMarketingSlide          : raw Text have56Plus
2026-04-12T15:18:22.006-04:00  INFO 1039 --- [web] [http-nio-8081-exec-3] w.p.s.p.SixTargetMarketingSlide          :  cell data have26to35
2026-04-12T15:18:22.007-04:00  INFO 1039 --- [web] [http-nio-8081-exec-8] w.p.s.p.SixTargetMarketingSlide          :  cell data want19to25
2026-04-12T15:18:22.007-04:00  INFO 1039 --- [web] [http-nio-8081-exec-8] w.p.s.p.SixTargetMarketingSlide          : raw Text want19to25
2026-04-12T15:18:22.007-04:00  INFO 1039 --- [web] [http-nio-8081-exec-3] w.p.s.p.SixTargetMarketingSlide          : raw Text have26to35
2026-04-12T15:18:22.007-04:00  INFO 1039 --- [web] [http-nio-8081-exec-8] w.p.s.p.SixTargetMarketingSlide          :  cell data want19to25
2026-04-12T15:18:22.007-04:00  INFO 1039 --- [web] [http-nio-8081-exec-8] w.p.s.p.SixTargetMarketingSlide          : raw Text want19to25
2026-04-12T15:18:22.007-04:00  INFO 1039 --- [web] [http-nio-8081-exec-8] w.p.s.p.SixTargetMarketingSlide          :  cell data want26to35
2026-04-12T15:18:22.007-04:00  INFO 1039 --- [web] [http-nio-8081-exec-8] w.p.s.p.SixTargetMarketingSlide          : raw Text want26to35
2026-04-12T15:18:22.008-04:00  INFO 1039 --- [web] [http-nio-8081-exec-8] w.p.s.p.SixTargetMarketingSlide          :  cell data want36to45
2026-04-12T15:18:22.008-04:00  INFO 1039 --- [web] [http-nio-8081-exec-8] w.p.s.p.SixTargetMarketingSlide          : raw Text want36to45
2026-04-12T15:18:22.008-04:00  INFO 1039 --- [web] [http-nio-8081-exec-8] w.p.s.p.SixTargetMarketingSlide          :  cell data want46to55
2026-04-12T15:18:22.007-04:00  INFO 1039 --- [web] [http-nio-8081-exec-3] w.p.s.p.SixTargetMarketingSlide          :  cell data have36to45
2026-04-12T15:18:22.008-04:00  INFO 1039 --- [web] [http-nio-8081-exec-3] w.p.s.p.SixTargetMarketingSlide          : raw Text have36to45
2026-04-12T15:18:22.008-04:00  INFO 1039 --- [web] [http-nio-8081-exec-8] w.p.s.p.SixTargetMarketingSlide          : raw Text want46to55
2026-04-12T15:18:22.009-04:00  INFO 1039 --- [web] [http-nio-8081-exec-3] w.p.s.p.SixTargetMarketingSlide          :  cell data have46to55
2026-04-12T15:18:22.009-04:00  INFO 1039 --- [web] [http-nio-8081-exec-8] w.p.s.p.SixTargetMarketingSlide          :  cell data want55Plus
2026-04-12T15:18:22.009-04:00  INFO 1039 --- [web] [http-nio-8081-exec-3] w.p.s.p.SixTargetMarketingSlide          : raw Text have46to55
2026-04-12T15:18:22.009-04:00  INFO 1039 --- [web] [http-nio-8081-exec-8] w.p.s.p.SixTargetMarketingSlide          : raw Text want55Plus
2026-04-12T15:18:22.010-04:00  INFO 1039 --- [web] [http-nio-8081-exec-3] w.p.s.p.SixTargetMarketingSlide          :  cell data have56Plus
2026-04-12T15:18:22.010-04:00  INFO 1039 --- [web] [http-nio-8081-exec-3] w.p.s.p.SixTargetMarketingSlide          : raw Text have56Plus
2026-04-12T15:18:22.011-04:00  INFO 1039 --- [web] [http-nio-8081-exec-3] w.p.s.p.SixTargetMarketingSlide          :  cell data want19to25
2026-04-12T15:18:22.011-04:00  INFO 1039 --- [web] [http-nio-8081-exec-3] w.p.s.p.SixTargetMarketingSlide          : raw Text want19to25
2026-04-12T15:18:22.012-04:00  INFO 1039 --- [web] [http-nio-8081-exec-3] w.p.s.p.SixTargetMarketingSlide          :  cell data want19to25
2026-04-12T15:18:22.012-04:00  INFO 1039 --- [web] [http-nio-8081-exec-3] w.p.s.p.SixTargetMarketingSlide          : raw Text want19to25
2026-04-12T15:18:22.013-04:00  INFO 1039 --- [web] [http-nio-8081-exec-3] w.p.s.p.SixTargetMarketingSlide          :  cell data want26to35
2026-04-12T15:18:22.013-04:00  INFO 1039 --- [web] [http-nio-8081-exec-3] w.p.s.p.SixTargetMarketingSlide          : raw Text want26to35
2026-04-12T15:18:22.014-04:00  INFO 1039 --- [web] [http-nio-8081-exec-3] w.p.s.p.SixTargetMarketingSlide          :  cell data want36to45
2026-04-12T15:18:22.014-04:00  INFO 1039 --- [web] [http-nio-8081-exec-3] w.p.s.p.SixTargetMarketingSlide          : raw Text want36to45
2026-04-12T15:18:22.015-04:00  INFO 1039 --- [web] [http-nio-8081-exec-3] w.p.s.p.SixTargetMarketingSlide          :  cell data want46to55
2026-04-12T15:18:22.015-04:00  INFO 1039 --- [web] [http-nio-8081-exec-3] w.p.s.p.SixTargetMarketingSlide          : raw Text want46to55
2026-04-12T15:18:22.016-04:00  INFO 1039 --- [web] [http-nio-8081-exec-3] w.p.s.p.SixTargetMarketingSlide          :  cell data want55Plus
2026-04-12T15:18:22.017-04:00  INFO 1039 --- [web] [http-nio-8081-exec-3] w.p.s.p.SixTargetMarketingSlide          : raw Text want55Plus
2026-04-12T15:22:12.884-04:00  INFO 1096 --- [web] [http-nio-8081-exec-2] w.p.s.p.SixTargetMarketingSlide          :  cell data 
2026-04-12T15:22:12.899-04:00  INFO 1096 --- [web] [http-nio-8081-exec-2] w.p.s.p.SixTargetMarketingSlide          :  cell data 
2026-04-12T15:22:12.900-04:00  INFO 1096 --- [web] [http-nio-8081-exec-2] w.p.s.p.SixTargetMarketingSlide          :  cell data Target 85%
2026-04-12T15:22:12.901-04:00  INFO 1096 --- [web] [http-nio-8081-exec-2] w.p.s.p.SixTargetMarketingSlide          : raw Text Target 85%
2026-04-12T15:22:12.901-04:00  INFO 1096 --- [web] [http-nio-8081-exec-2] w.p.s.p.SixTargetMarketingSlide          :  cell data 
2026-04-12T15:22:12.902-04:00  INFO 1096 --- [web] [http-nio-8081-exec-2] w.p.s.p.SixTargetMarketingSlide          :  cell data 
2026-04-12T15:22:12.902-04:00  INFO 1096 --- [web] [http-nio-8081-exec-2] w.p.s.p.SixTargetMarketingSlide          :  cell data 
2026-04-12T15:22:12.903-04:00  INFO 1096 --- [web] [http-nio-8081-exec-2] w.p.s.p.SixTargetMarketingSlide          :  cell data 12-18
2026-04-12T15:22:12.903-04:00  INFO 1096 --- [web] [http-nio-8081-exec-2] w.p.s.p.SixTargetMarketingSlide          : raw Text 12-18
2026-04-12T15:22:12.904-04:00  INFO 1096 --- [web] [http-nio-8081-exec-2] w.p.s.p.SixTargetMarketingSlide          :  cell data 19-25
2026-04-12T15:22:12.905-04:00  INFO 1096 --- [web] [http-nio-8081-exec-2] w.p.s.p.SixTargetMarketingSlide          : raw Text 19-25
2026-04-12T15:22:12.905-04:00  INFO 1096 --- [web] [http-nio-8081-exec-2] w.p.s.p.SixTargetMarketingSlide          :  cell data 26-35
2026-04-12T15:22:12.906-04:00  INFO 1096 --- [web] [http-nio-8081-exec-2] w.p.s.p.SixTargetMarketingSlide          : raw Text 26-35
2026-04-12T15:22:12.906-04:00  INFO 1096 --- [web] [http-nio-8081-exec-2] w.p.s.p.SixTargetMarketingSlide          :  cell data 36-45
2026-04-12T15:22:12.907-04:00  INFO 1096 --- [web] [http-nio-8081-exec-2] w.p.s.p.SixTargetMarketingSlide          : raw Text 36-45
2026-04-12T15:22:12.907-04:00  INFO 1096 --- [web] [http-nio-8081-exec-2] w.p.s.p.SixTargetMarketingSlide          :  cell data 46-55
2026-04-12T15:22:12.908-04:00  INFO 1096 --- [web] [http-nio-8081-exec-2] w.p.s.p.SixTargetMarketingSlide          : raw Text 46-55
2026-04-12T15:22:12.909-04:00  INFO 1096 --- [web] [http-nio-8081-exec-2] w.p.s.p.SixTargetMarketingSlide          :  cell data 56+
2026-04-12T15:22:12.909-04:00  INFO 1096 --- [web] [http-nio-8081-exec-2] w.p.s.p.SixTargetMarketingSlide          : raw Text 56+
2026-04-12T15:22:12.910-04:00  INFO 1096 --- [web] [http-nio-8081-exec-2] w.p.s.p.SixTargetMarketingSlide          :  cell data have12to18
2026-04-12T15:22:12.910-04:00  INFO 1096 --- [web] [http-nio-8081-exec-2] w.p.s.p.SixTargetMarketingSlide          : raw Text have12to18
2026-04-12T15:22:12.911-04:00  INFO 1096 --- [web] [http-nio-8081-exec-2] w.p.s.p.SixTargetMarketingSlide          :  cell data have19to25
2026-04-12T15:22:12.911-04:00  INFO 1096 --- [web] [http-nio-8081-exec-2] w.p.s.p.SixTargetMarketingSlide          : raw Text have19to25
2026-04-12T15:22:12.912-04:00  INFO 1096 --- [web] [http-nio-8081-exec-2] w.p.s.p.SixTargetMarketingSlide          :  cell data have26to35
2026-04-12T15:22:12.913-04:00  INFO 1096 --- [web] [http-nio-8081-exec-2] w.p.s.p.SixTargetMarketingSlide          : raw Text have26to35
2026-04-12T15:22:12.913-04:00  INFO 1096 --- [web] [http-nio-8081-exec-2] w.p.s.p.SixTargetMarketingSlide          :  cell data have36to45
2026-04-12T15:22:12.914-04:00  INFO 1096 --- [web] [http-nio-8081-exec-2] w.p.s.p.SixTargetMarketingSlide          : raw Text have36to45
2026-04-12T15:22:12.915-04:00  INFO 1096 --- [web] [http-nio-8081-exec-2] w.p.s.p.SixTargetMarketingSlide          :  cell data have46to55
2026-04-12T15:22:12.915-04:00  INFO 1096 --- [web] [http-nio-8081-exec-2] w.p.s.p.SixTargetMarketingSlide          : raw Text have46to55
2026-04-12T15:22:12.916-04:00  INFO 1096 --- [web] [http-nio-8081-exec-2] w.p.s.p.SixTargetMarketingSlide          :  cell data have56Plus
2026-04-12T15:22:12.916-04:00  INFO 1096 --- [web] [http-nio-8081-exec-2] w.p.s.p.SixTargetMarketingSlide          : raw Text have56Plus
2026-04-12T15:22:12.917-04:00  INFO 1096 --- [web] [http-nio-8081-exec-2] w.p.s.p.SixTargetMarketingSlide          :  cell data want19to25
2026-04-12T15:22:12.918-04:00  INFO 1096 --- [web] [http-nio-8081-exec-2] w.p.s.p.SixTargetMarketingSlide          : raw Text want19to25
2026-04-12T15:22:12.918-04:00  INFO 1096 --- [web] [http-nio-8081-exec-2] w.p.s.p.SixTargetMarketingSlide          :  cell data want19to25
2026-04-12T15:22:12.919-04:00  INFO 1096 --- [web] [http-nio-8081-exec-2] w.p.s.p.SixTargetMarketingSlide          : raw Text want19to25
2026-04-12T15:22:12.920-04:00  INFO 1096 --- [web] [http-nio-8081-exec-2] w.p.s.p.SixTargetMarketingSlide          :  cell data want26to35
2026-04-12T15:22:12.920-04:00  INFO 1096 --- [web] [http-nio-8081-exec-2] w.p.s.p.SixTargetMarketingSlide          : raw Text want26to35
2026-04-12T15:22:12.921-04:00  INFO 1096 --- [web] [http-nio-8081-exec-2] w.p.s.p.SixTargetMarketingSlide          :  cell data want36to45
2026-04-12T15:22:12.921-04:00  INFO 1096 --- [web] [http-nio-8081-exec-2] w.p.s.p.SixTargetMarketingSlide          : raw Text want36to45
2026-04-12T15:22:12.922-04:00  INFO 1096 --- [web] [http-nio-8081-exec-2] w.p.s.p.SixTargetMarketingSlide          :  cell data want46to55
2026-04-12T15:22:12.922-04:00  INFO 1096 --- [web] [http-nio-8081-exec-2] w.p.s.p.SixTargetMarketingSlide          : raw Text want46to55
2026-04-12T15:22:12.923-04:00  INFO 1096 --- [web] [http-nio-8081-exec-2] w.p.s.p.SixTargetMarketingSlide          :  cell data want55Plus
2026-04-12T15:22:12.924-04:00  INFO 1096 --- [web] [http-nio-8081-exec-2] w.p.s.p.SixTargetMarketingSlide          : raw Text want55Plus
2026-04-12T15:22:27.383-04:00  INFO 1096 --- [web] [http-nio-8081-exec-5] w.p.s.p.SixTargetMarketingSlide          :  cell data 
2026-04-12T15:22:27.384-04:00  INFO 1096 --- [web] [http-nio-8081-exec-5] w.p.s.p.SixTargetMarketingSlide          :  cell data 
2026-04-12T15:22:27.385-04:00  INFO 1096 --- [web] [http-nio-8081-exec-5] w.p.s.p.SixTargetMarketingSlide          :  cell data Target 85%
2026-04-12T15:22:27.385-04:00  INFO 1096 --- [web] [http-nio-8081-exec-5] w.p.s.p.SixTargetMarketingSlide          : raw Text Target 85%
2026-04-12T15:22:27.386-04:00  INFO 1096 --- [web] [http-nio-8081-exec-5] w.p.s.p.SixTargetMarketingSlide          :  cell data 
2026-04-12T15:22:27.386-04:00  INFO 1096 --- [web] [http-nio-8081-exec-5] w.p.s.p.SixTargetMarketingSlide          :  cell data 
2026-04-12T15:22:27.387-04:00  INFO 1096 --- [web] [http-nio-8081-exec-5] w.p.s.p.SixTargetMarketingSlide          :  cell data 
2026-04-12T15:22:27.387-04:00  INFO 1096 --- [web] [http-nio-8081-exec-5] w.p.s.p.SixTargetMarketingSlide          :  cell data 12-18
2026-04-12T15:22:27.388-04:00  INFO 1096 --- [web] [http-nio-8081-exec-5] w.p.s.p.SixTargetMarketingSlide          : raw Text 12-18
2026-04-12T15:22:27.388-04:00  INFO 1096 --- [web] [http-nio-8081-exec-5] w.p.s.p.SixTargetMarketingSlide          :  cell data 19-25
2026-04-12T15:22:27.389-04:00  INFO 1096 --- [web] [http-nio-8081-exec-5] w.p.s.p.SixTargetMarketingSlide          : raw Text 19-25
2026-04-12T15:22:27.390-04:00  INFO 1096 --- [web] [http-nio-8081-exec-5] w.p.s.p.SixTargetMarketingSlide          :  cell data 26-35
2026-04-12T15:22:27.390-04:00  INFO 1096 --- [web] [http-nio-8081-exec-5] w.p.s.p.SixTargetMarketingSlide          : raw Text 26-35
2026-04-12T15:22:27.391-04:00  INFO 1096 --- [web] [http-nio-8081-exec-5] w.p.s.p.SixTargetMarketingSlide          :  cell data 36-45
2026-04-12T15:22:27.391-04:00  INFO 1096 --- [web] [http-nio-8081-exec-5] w.p.s.p.SixTargetMarketingSlide          : raw Text 36-45
2026-04-12T15:22:27.392-04:00  INFO 1096 --- [web] [http-nio-8081-exec-5] w.p.s.p.SixTargetMarketingSlide          :  cell data 46-55
2026-04-12T15:22:27.392-04:00  INFO 1096 --- [web] [http-nio-8081-exec-5] w.p.s.p.SixTargetMarketingSlide          : raw Text 46-55
2026-04-12T15:22:27.393-04:00  INFO 1096 --- [web] [http-nio-8081-exec-5] w.p.s.p.SixTargetMarketingSlide          :  cell data 56+
2026-04-12T15:22:27.393-04:00  INFO 1096 --- [web] [http-nio-8081-exec-5] w.p.s.p.SixTargetMarketingSlide          : raw Text 56+
2026-04-12T15:22:27.394-04:00  INFO 1096 --- [web] [http-nio-8081-exec-5] w.p.s.p.SixTargetMarketingSlide          :  cell data have12to18
2026-04-12T15:22:27.394-04:00  INFO 1096 --- [web] [http-nio-8081-exec-5] w.p.s.p.SixTargetMarketingSlide          : raw Text have12to18
2026-04-12T15:22:27.395-04:00  INFO 1096 --- [web] [http-nio-8081-exec-5] w.p.s.p.SixTargetMarketingSlide          :  cell data have19to25
2026-04-12T15:22:27.396-04:00  INFO 1096 --- [web] [http-nio-8081-exec-5] w.p.s.p.SixTargetMarketingSlide          : raw Text have19to25
2026-04-12T15:22:27.396-04:00  INFO 1096 --- [web] [http-nio-8081-exec-5] w.p.s.p.SixTargetMarketingSlide          :  cell data have26to35
2026-04-12T15:22:27.397-04:00  INFO 1096 --- [web] [http-nio-8081-exec-5] w.p.s.p.SixTargetMarketingSlide          : raw Text have26to35
2026-04-12T15:22:27.397-04:00  INFO 1096 --- [web] [http-nio-8081-exec-5] w.p.s.p.SixTargetMarketingSlide          :  cell data have36to45
2026-04-12T15:22:27.398-04:00  INFO 1096 --- [web] [http-nio-8081-exec-5] w.p.s.p.SixTargetMarketingSlide          : raw Text have36to45
2026-04-12T15:22:27.399-04:00  INFO 1096 --- [web] [http-nio-8081-exec-5] w.p.s.p.SixTargetMarketingSlide          :  cell data have46to55
2026-04-12T15:22:27.399-04:00  INFO 1096 --- [web] [http-nio-8081-exec-5] w.p.s.p.SixTargetMarketingSlide          : raw Text have46to55
2026-04-12T15:22:27.400-04:00  INFO 1096 --- [web] [http-nio-8081-exec-5] w.p.s.p.SixTargetMarketingSlide          :  cell data have56Plus
2026-04-12T15:22:27.400-04:00  INFO 1096 --- [web] [http-nio-8081-exec-5] w.p.s.p.SixTargetMarketingSlide          : raw Text have56Plus
2026-04-12T15:22:27.401-04:00  INFO 1096 --- [web] [http-nio-8081-exec-5] w.p.s.p.SixTargetMarketingSlide          :  cell data want19to25
2026-04-12T15:22:27.401-04:00  INFO 1096 --- [web] [http-nio-8081-exec-5] w.p.s.p.SixTargetMarketingSlide          : raw Text want19to25
2026-04-12T15:22:27.402-04:00  INFO 1096 --- [web] [http-nio-8081-exec-5] w.p.s.p.SixTargetMarketingSlide          :  cell data want19to25
2026-04-12T15:22:27.403-04:00  INFO 1096 --- [web] [http-nio-8081-exec-5] w.p.s.p.SixTargetMarketingSlide          : raw Text want19to25
2026-04-12T15:22:27.403-04:00  INFO 1096 --- [web] [http-nio-8081-exec-5] w.p.s.p.SixTargetMarketingSlide          :  cell data want26to35
2026-04-12T15:22:27.404-04:00  INFO 1096 --- [web] [http-nio-8081-exec-5] w.p.s.p.SixTargetMarketingSlide          : raw Text want26to35
2026-04-12T15:22:27.405-04:00  INFO 1096 --- [web] [http-nio-8081-exec-5] w.p.s.p.SixTargetMarketingSlide          :  cell data want36to45
2026-04-12T15:22:27.405-04:00  INFO 1096 --- [web] [http-nio-8081-exec-5] w.p.s.p.SixTargetMarketingSlide          : raw Text want36to45
2026-04-12T15:22:27.406-04:00  INFO 1096 --- [web] [http-nio-8081-exec-5] w.p.s.p.SixTargetMarketingSlide          :  cell data want46to55
2026-04-12T15:22:27.406-04:00  INFO 1096 --- [web] [http-nio-8081-exec-5] w.p.s.p.SixTargetMarketingSlide          : raw Text want46to55
2026-04-12T15:22:27.407-04:00  INFO 1096 --- [web] [http-nio-8081-exec-5] w.p.s.p.SixTargetMarketingSlide          :  cell data want55Plus
2026-04-12T15:22:27.407-04:00  INFO 1096 --- [web] [http-nio-8081-exec-5] w.p.s.p.SixTargetMarketingSlide          : raw Text want55Plus
2026-04-12T15:27:48.155-04:00  INFO 1317 --- [web] [http-nio-8081-exec-4] w.p.s.p.SixTargetMarketingSlide          :  cell data 
2026-04-12T15:27:48.162-04:00  INFO 1317 --- [web] [http-nio-8081-exec-4] w.p.s.p.SixTargetMarketingSlide          :  cell data 
2026-04-12T15:27:48.162-04:00  INFO 1317 --- [web] [http-nio-8081-exec-4] w.p.s.p.SixTargetMarketingSlide          :  cell data Target 85%
2026-04-12T15:27:48.162-04:00  INFO 1317 --- [web] [http-nio-8081-exec-4] w.p.s.p.SixTargetMarketingSlide          : raw Text Target 85%
2026-04-12T15:27:48.163-04:00  INFO 1317 --- [web] [http-nio-8081-exec-4] w.p.s.p.SixTargetMarketingSlide          :  cell data 
2026-04-12T15:27:48.163-04:00  INFO 1317 --- [web] [http-nio-8081-exec-4] w.p.s.p.SixTargetMarketingSlide          :  cell data 
2026-04-12T15:27:48.163-04:00  INFO 1317 --- [web] [http-nio-8081-exec-4] w.p.s.p.SixTargetMarketingSlide          :  cell data 
2026-04-12T15:27:48.164-04:00  INFO 1317 --- [web] [http-nio-8081-exec-4] w.p.s.p.SixTargetMarketingSlide          :  cell data 12-18
2026-04-12T15:27:48.164-04:00  INFO 1317 --- [web] [http-nio-8081-exec-4] w.p.s.p.SixTargetMarketingSlide          : raw Text 12-18
2026-04-12T15:27:48.165-04:00  INFO 1317 --- [web] [http-nio-8081-exec-4] w.p.s.p.SixTargetMarketingSlide          :  cell data 19-25
2026-04-12T15:27:48.165-04:00  INFO 1317 --- [web] [http-nio-8081-exec-4] w.p.s.p.SixTargetMarketingSlide          : raw Text 19-25
2026-04-12T15:27:48.166-04:00  INFO 1317 --- [web] [http-nio-8081-exec-4] w.p.s.p.SixTargetMarketingSlide          :  cell data 26-35
2026-04-12T15:27:48.166-04:00  INFO 1317 --- [web] [http-nio-8081-exec-4] w.p.s.p.SixTargetMarketingSlide          : raw Text 26-35
2026-04-12T15:27:48.166-04:00  INFO 1317 --- [web] [http-nio-8081-exec-4] w.p.s.p.SixTargetMarketingSlide          :  cell data 36-45
2026-04-12T15:27:48.166-04:00  INFO 1317 --- [web] [http-nio-8081-exec-4] w.p.s.p.SixTargetMarketingSlide          : raw Text 36-45
2026-04-12T15:27:48.167-04:00  INFO 1317 --- [web] [http-nio-8081-exec-4] w.p.s.p.SixTargetMarketingSlide          :  cell data 46-55
2026-04-12T15:27:48.167-04:00  INFO 1317 --- [web] [http-nio-8081-exec-4] w.p.s.p.SixTargetMarketingSlide          : raw Text 46-55
2026-04-12T15:27:48.167-04:00  INFO 1317 --- [web] [http-nio-8081-exec-4] w.p.s.p.SixTargetMarketingSlide          :  cell data 56+
2026-04-12T15:27:48.168-04:00  INFO 1317 --- [web] [http-nio-8081-exec-4] w.p.s.p.SixTargetMarketingSlide          : raw Text 56+
2026-04-12T15:27:48.168-04:00  INFO 1317 --- [web] [http-nio-8081-exec-4] w.p.s.p.SixTargetMarketingSlide          :  cell data have12to18
2026-04-12T15:27:48.168-04:00  INFO 1317 --- [web] [http-nio-8081-exec-4] w.p.s.p.SixTargetMarketingSlide          : raw Text have12to18
2026-04-12T15:27:48.168-04:00  INFO 1317 --- [web] [http-nio-8081-exec-4] w.p.s.p.SixTargetMarketingSlide          :  cell data have19to25
2026-04-12T15:27:48.169-04:00  INFO 1317 --- [web] [http-nio-8081-exec-4] w.p.s.p.SixTargetMarketingSlide          : raw Text have19to25
2026-04-12T15:27:48.169-04:00  INFO 1317 --- [web] [http-nio-8081-exec-4] w.p.s.p.SixTargetMarketingSlide          :  cell data have26to35
2026-04-12T15:27:48.169-04:00  INFO 1317 --- [web] [http-nio-8081-exec-4] w.p.s.p.SixTargetMarketingSlide          : raw Text have26to35
2026-04-12T15:27:48.170-04:00  INFO 1317 --- [web] [http-nio-8081-exec-4] w.p.s.p.SixTargetMarketingSlide          :  cell data have36to45
2026-04-12T15:27:48.170-04:00  INFO 1317 --- [web] [http-nio-8081-exec-4] w.p.s.p.SixTargetMarketingSlide          : raw Text have36to45
2026-04-12T15:27:48.170-04:00  INFO 1317 --- [web] [http-nio-8081-exec-4] w.p.s.p.SixTargetMarketingSlide          :  cell data have46to55
2026-04-12T15:27:48.170-04:00  INFO 1317 --- [web] [http-nio-8081-exec-4] w.p.s.p.SixTargetMarketingSlide          : raw Text have46to55
2026-04-12T15:27:48.172-04:00  INFO 1317 --- [web] [http-nio-8081-exec-4] w.p.s.p.SixTargetMarketingSlide          :  cell data have56Plus
2026-04-12T15:27:48.173-04:00  INFO 1317 --- [web] [http-nio-8081-exec-4] w.p.s.p.SixTargetMarketingSlide          : raw Text have56Plus
2026-04-12T15:27:48.173-04:00  INFO 1317 --- [web] [http-nio-8081-exec-4] w.p.s.p.SixTargetMarketingSlide          :  cell data want19to25
2026-04-12T15:27:48.173-04:00  INFO 1317 --- [web] [http-nio-8081-exec-4] w.p.s.p.SixTargetMarketingSlide          : raw Text want19to25
2026-04-12T15:27:48.173-04:00  INFO 1317 --- [web] [http-nio-8081-exec-4] w.p.s.p.SixTargetMarketingSlide          :  cell data want19to25
2026-04-12T15:27:48.173-04:00  INFO 1317 --- [web] [http-nio-8081-exec-4] w.p.s.p.SixTargetMarketingSlide          : raw Text want19to25
2026-04-12T15:27:48.174-04:00  INFO 1317 --- [web] [http-nio-8081-exec-4] w.p.s.p.SixTargetMarketingSlide          :  cell data want26to35
2026-04-12T15:27:48.174-04:00  INFO 1317 --- [web] [http-nio-8081-exec-4] w.p.s.p.SixTargetMarketingSlide          : raw Text want26to35
2026-04-12T15:27:48.174-04:00  INFO 1317 --- [web] [http-nio-8081-exec-4] w.p.s.p.SixTargetMarketingSlide          :  cell data want36to45
2026-04-12T15:27:48.174-04:00  INFO 1317 --- [web] [http-nio-8081-exec-4] w.p.s.p.SixTargetMarketingSlide          : raw Text want36to45
2026-04-12T15:27:48.174-04:00  INFO 1317 --- [web] [http-nio-8081-exec-4] w.p.s.p.SixTargetMarketingSlide          :  cell data want46to55
2026-04-12T15:27:48.174-04:00  INFO 1317 --- [web] [http-nio-8081-exec-4] w.p.s.p.SixTargetMarketingSlide          : raw Text want46to55
2026-04-12T15:27:48.174-04:00  INFO 1317 --- [web] [http-nio-8081-exec-4] w.p.s.p.SixTargetMarketingSlide          :  cell data want55Plus
2026-04-12T15:27:48.174-04:00  INFO 1317 --- [web] [http-nio-8081-exec-4] w.p.s.p.SixTargetMarketingSlide          : raw Text want55Plus
2026-04-12T15:29:58.589-04:00  INFO 1391 --- [web] [http-nio-8081-exec-3] w.p.s.p.SixTargetMarketingSlide          :  cell data 
2026-04-12T15:29:58.604-04:00  INFO 1391 --- [web] [http-nio-8081-exec-3] w.p.s.p.SixTargetMarketingSlide          :  cell data 
2026-04-12T15:29:58.605-04:00  INFO 1391 --- [web] [http-nio-8081-exec-3] w.p.s.p.SixTargetMarketingSlide          :  cell data Target 85%
2026-04-12T15:29:58.605-04:00  INFO 1391 --- [web] [http-nio-8081-exec-3] w.p.s.p.SixTargetMarketingSlide          : raw Text Target 85%
2026-04-12T15:29:58.606-04:00  INFO 1391 --- [web] [http-nio-8081-exec-3] w.p.s.p.SixTargetMarketingSlide          :  cell data 
2026-04-12T15:29:58.606-04:00  INFO 1391 --- [web] [http-nio-8081-exec-3] w.p.s.p.SixTargetMarketingSlide          :  cell data 
2026-04-12T15:29:58.606-04:00  INFO 1391 --- [web] [http-nio-8081-exec-3] w.p.s.p.SixTargetMarketingSlide          :  cell data 
2026-04-12T15:29:58.606-04:00  INFO 1391 --- [web] [http-nio-8081-exec-3] w.p.s.p.SixTargetMarketingSlide          :  cell data 12-18
2026-04-12T15:29:58.606-04:00  INFO 1391 --- [web] [http-nio-8081-exec-3] w.p.s.p.SixTargetMarketingSlide          : raw Text 12-18
2026-04-12T15:29:58.606-04:00  INFO 1391 --- [web] [http-nio-8081-exec-3] w.p.s.p.SixTargetMarketingSlide          :  cell data 19-25
2026-04-12T15:29:58.607-04:00  INFO 1391 --- [web] [http-nio-8081-exec-3] w.p.s.p.SixTargetMarketingSlide          : raw Text 19-25
2026-04-12T15:29:58.608-04:00  INFO 1391 --- [web] [http-nio-8081-exec-3] w.p.s.p.SixTargetMarketingSlide          :  cell data 26-35
2026-04-12T15:29:58.608-04:00  INFO 1391 --- [web] [http-nio-8081-exec-3] w.p.s.p.SixTargetMarketingSlide          : raw Text 26-35
2026-04-12T15:29:58.608-04:00  INFO 1391 --- [web] [http-nio-8081-exec-3] w.p.s.p.SixTargetMarketingSlide          :  cell data 36-45
2026-04-12T15:29:58.608-04:00  INFO 1391 --- [web] [http-nio-8081-exec-3] w.p.s.p.SixTargetMarketingSlide          : raw Text 36-45
2026-04-12T15:29:58.608-04:00  INFO 1391 --- [web] [http-nio-8081-exec-3] w.p.s.p.SixTargetMarketingSlide          :  cell data 46-55
2026-04-12T15:29:58.609-04:00  INFO 1391 --- [web] [http-nio-8081-exec-3] w.p.s.p.SixTargetMarketingSlide          : raw Text 46-55
2026-04-12T15:29:58.609-04:00  INFO 1391 --- [web] [http-nio-8081-exec-3] w.p.s.p.SixTargetMarketingSlide          :  cell data 56+
2026-04-12T15:29:58.609-04:00  INFO 1391 --- [web] [http-nio-8081-exec-3] w.p.s.p.SixTargetMarketingSlide          : raw Text 56+
2026-04-12T15:29:58.609-04:00  INFO 1391 --- [web] [http-nio-8081-exec-3] w.p.s.p.SixTargetMarketingSlide          :  cell data have12to18
2026-04-12T15:29:58.609-04:00  INFO 1391 --- [web] [http-nio-8081-exec-3] w.p.s.p.SixTargetMarketingSlide          : raw Text have12to18
2026-04-12T15:29:58.610-04:00  INFO 1391 --- [web] [http-nio-8081-exec-3] w.p.s.p.SixTargetMarketingSlide          :  cell data have19to25
2026-04-12T15:29:58.611-04:00  INFO 1391 --- [web] [http-nio-8081-exec-3] w.p.s.p.SixTargetMarketingSlide          : raw Text have19to25
2026-04-12T15:29:58.611-04:00  INFO 1391 --- [web] [http-nio-8081-exec-3] w.p.s.p.SixTargetMarketingSlide          :  cell data have26to35
2026-04-12T15:29:58.611-04:00  INFO 1391 --- [web] [http-nio-8081-exec-3] w.p.s.p.SixTargetMarketingSlide          : raw Text have26to35
2026-04-12T15:29:58.611-04:00  INFO 1391 --- [web] [http-nio-8081-exec-3] w.p.s.p.SixTargetMarketingSlide          :  cell data have36to45
2026-04-12T15:29:58.611-04:00  INFO 1391 --- [web] [http-nio-8081-exec-3] w.p.s.p.SixTargetMarketingSlide          : raw Text have36to45
2026-04-12T15:29:58.612-04:00  INFO 1391 --- [web] [http-nio-8081-exec-3] w.p.s.p.SixTargetMarketingSlide          :  cell data have46to55
2026-04-12T15:29:58.612-04:00  INFO 1391 --- [web] [http-nio-8081-exec-3] w.p.s.p.SixTargetMarketingSlide          : raw Text have46to55
2026-04-12T15:29:58.614-04:00  INFO 1391 --- [web] [http-nio-8081-exec-3] w.p.s.p.SixTargetMarketingSlide          :  cell data have56Plus
2026-04-12T15:29:58.614-04:00  INFO 1391 --- [web] [http-nio-8081-exec-3] w.p.s.p.SixTargetMarketingSlide          : raw Text have56Plus
2026-04-12T15:29:58.614-04:00  INFO 1391 --- [web] [http-nio-8081-exec-3] w.p.s.p.SixTargetMarketingSlide          :  cell data want19to25
2026-04-12T15:29:58.615-04:00  INFO 1391 --- [web] [http-nio-8081-exec-3] w.p.s.p.SixTargetMarketingSlide          : raw Text want19to25
2026-04-12T15:29:58.615-04:00  INFO 1391 --- [web] [http-nio-8081-exec-3] w.p.s.p.SixTargetMarketingSlide          :  cell data want19to25
2026-04-12T15:29:58.615-04:00  INFO 1391 --- [web] [http-nio-8081-exec-3] w.p.s.p.SixTargetMarketingSlide          : raw Text want19to25
2026-04-12T15:29:58.615-04:00  INFO 1391 --- [web] [http-nio-8081-exec-3] w.p.s.p.SixTargetMarketingSlide          :  cell data want26to35
2026-04-12T15:29:58.615-04:00  INFO 1391 --- [web] [http-nio-8081-exec-3] w.p.s.p.SixTargetMarketingSlide          : raw Text want26to35
2026-04-12T15:29:58.615-04:00  INFO 1391 --- [web] [http-nio-8081-exec-3] w.p.s.p.SixTargetMarketingSlide          :  cell data want36to45
2026-04-12T15:29:58.615-04:00  INFO 1391 --- [web] [http-nio-8081-exec-3] w.p.s.p.SixTargetMarketingSlide          : raw Text want36to45
2026-04-12T15:29:58.615-04:00  INFO 1391 --- [web] [http-nio-8081-exec-3] w.p.s.p.SixTargetMarketingSlide          :  cell data want46to55
2026-04-12T15:29:58.615-04:00  INFO 1391 --- [web] [http-nio-8081-exec-3] w.p.s.p.SixTargetMarketingSlide          : raw Text want46to55
2026-04-12T15:29:58.616-04:00  INFO 1391 --- [web] [http-nio-8081-exec-3] w.p.s.p.SixTargetMarketingSlide          :  cell data want55Plus
2026-04-12T15:29:58.616-04:00  INFO 1391 --- [web] [http-nio-8081-exec-3] w.p.s.p.SixTargetMarketingSlide          : raw Text want55Plus
2026-04-12T15:52:51.848-04:00  INFO 1521 --- [web] [http-nio-8081-exec-8] w.p.s.p.SixTargetMarketingSlide          :  cell data 
2026-04-12T15:52:51.863-04:00  INFO 1521 --- [web] [http-nio-8081-exec-8] w.p.s.p.SixTargetMarketingSlide          :  cell data 
2026-04-12T15:52:51.864-04:00  INFO 1521 --- [web] [http-nio-8081-exec-8] w.p.s.p.SixTargetMarketingSlide          :  cell data Target 85%
2026-04-12T15:52:51.865-04:00  INFO 1521 --- [web] [http-nio-8081-exec-8] w.p.s.p.SixTargetMarketingSlide          : raw Text Target 85%
2026-04-12T15:52:51.865-04:00  INFO 1521 --- [web] [http-nio-8081-exec-8] w.p.s.p.SixTargetMarketingSlide          :  cell data 
2026-04-12T15:52:51.865-04:00  INFO 1521 --- [web] [http-nio-8081-exec-8] w.p.s.p.SixTargetMarketingSlide          :  cell data 
2026-04-12T15:52:51.865-04:00  INFO 1521 --- [web] [http-nio-8081-exec-8] w.p.s.p.SixTargetMarketingSlide          :  cell data 
2026-04-12T15:52:51.865-04:00  INFO 1521 --- [web] [http-nio-8081-exec-8] w.p.s.p.SixTargetMarketingSlide          :  cell data 12-18
2026-04-12T15:52:51.866-04:00  INFO 1521 --- [web] [http-nio-8081-exec-8] w.p.s.p.SixTargetMarketingSlide          : raw Text 12-18
2026-04-12T15:52:51.866-04:00  INFO 1521 --- [web] [http-nio-8081-exec-8] w.p.s.p.SixTargetMarketingSlide          :  cell data 19-25
2026-04-12T15:52:51.866-04:00  INFO 1521 --- [web] [http-nio-8081-exec-8] w.p.s.p.SixTargetMarketingSlide          : raw Text 19-25
2026-04-12T15:52:51.867-04:00  INFO 1521 --- [web] [http-nio-8081-exec-8] w.p.s.p.SixTargetMarketingSlide          :  cell data 26-35
2026-04-12T15:52:51.867-04:00  INFO 1521 --- [web] [http-nio-8081-exec-8] w.p.s.p.SixTargetMarketingSlide          : raw Text 26-35
2026-04-12T15:52:51.867-04:00  INFO 1521 --- [web] [http-nio-8081-exec-8] w.p.s.p.SixTargetMarketingSlide          :  cell data 36-45
2026-04-12T15:52:51.868-04:00  INFO 1521 --- [web] [http-nio-8081-exec-8] w.p.s.p.SixTargetMarketingSlide          : raw Text 36-45
2026-04-12T15:52:51.868-04:00  INFO 1521 --- [web] [http-nio-8081-exec-8] w.p.s.p.SixTargetMarketingSlide          :  cell data 46-55
2026-04-12T15:52:51.868-04:00  INFO 1521 --- [web] [http-nio-8081-exec-8] w.p.s.p.SixTargetMarketingSlide          : raw Text 46-55
2026-04-12T15:52:51.868-04:00  INFO 1521 --- [web] [http-nio-8081-exec-8] w.p.s.p.SixTargetMarketingSlide          :  cell data 56+
2026-04-12T15:52:51.870-04:00  INFO 1521 --- [web] [http-nio-8081-exec-8] w.p.s.p.SixTargetMarketingSlide          : raw Text 56+
2026-04-12T15:52:51.870-04:00  INFO 1521 --- [web] [http-nio-8081-exec-8] w.p.s.p.SixTargetMarketingSlide          :  cell data have12to18
2026-04-12T15:52:51.870-04:00  INFO 1521 --- [web] [http-nio-8081-exec-8] w.p.s.p.SixTargetMarketingSlide          : raw Text have12to18
2026-04-12T15:52:51.870-04:00  INFO 1521 --- [web] [http-nio-8081-exec-8] w.p.s.p.SixTargetMarketingSlide          :  cell data have19to25
2026-04-12T15:52:51.870-04:00  INFO 1521 --- [web] [http-nio-8081-exec-8] w.p.s.p.SixTargetMarketingSlide          : raw Text have19to25
2026-04-12T15:52:51.871-04:00  INFO 1521 --- [web] [http-nio-8081-exec-8] w.p.s.p.SixTargetMarketingSlide          :  cell data have26to35
2026-04-12T15:52:51.871-04:00  INFO 1521 --- [web] [http-nio-8081-exec-8] w.p.s.p.SixTargetMarketingSlide          : raw Text have26to35
2026-04-12T15:52:51.871-04:00  INFO 1521 --- [web] [http-nio-8081-exec-8] w.p.s.p.SixTargetMarketingSlide          :  cell data have36to45
2026-04-12T15:52:51.871-04:00  INFO 1521 --- [web] [http-nio-8081-exec-8] w.p.s.p.SixTargetMarketingSlide          : raw Text have36to45
2026-04-12T15:52:51.871-04:00  INFO 1521 --- [web] [http-nio-8081-exec-8] w.p.s.p.SixTargetMarketingSlide          :  cell data have46to55
2026-04-12T15:52:51.871-04:00  INFO 1521 --- [web] [http-nio-8081-exec-8] w.p.s.p.SixTargetMarketingSlide          : raw Text have46to55
2026-04-12T15:52:51.872-04:00  INFO 1521 --- [web] [http-nio-8081-exec-8] w.p.s.p.SixTargetMarketingSlide          :  cell data have56Plus
2026-04-12T15:52:51.873-04:00  INFO 1521 --- [web] [http-nio-8081-exec-8] w.p.s.p.SixTargetMarketingSlide          : raw Text have56Plus
2026-04-12T15:52:51.873-04:00  INFO 1521 --- [web] [http-nio-8081-exec-8] w.p.s.p.SixTargetMarketingSlide          :  cell data want19to25
2026-04-12T15:52:51.874-04:00  INFO 1521 --- [web] [http-nio-8081-exec-8] w.p.s.p.SixTargetMarketingSlide          : raw Text want19to25
2026-04-12T15:52:51.874-04:00  INFO 1521 --- [web] [http-nio-8081-exec-8] w.p.s.p.SixTargetMarketingSlide          :  cell data want19to25
2026-04-12T15:52:51.874-04:00  INFO 1521 --- [web] [http-nio-8081-exec-8] w.p.s.p.SixTargetMarketingSlide          : raw Text want19to25
2026-04-12T15:52:51.875-04:00  INFO 1521 --- [web] [http-nio-8081-exec-8] w.p.s.p.SixTargetMarketingSlide          :  cell data want26to35
2026-04-12T15:52:51.875-04:00  INFO 1521 --- [web] [http-nio-8081-exec-8] w.p.s.p.SixTargetMarketingSlide          : raw Text want26to35
2026-04-12T15:52:51.875-04:00  INFO 1521 --- [web] [http-nio-8081-exec-8] w.p.s.p.SixTargetMarketingSlide          :  cell data want36to45
2026-04-12T15:52:51.875-04:00  INFO 1521 --- [web] [http-nio-8081-exec-8] w.p.s.p.SixTargetMarketingSlide          : raw Text want36to45
2026-04-12T15:52:51.875-04:00  INFO 1521 --- [web] [http-nio-8081-exec-8] w.p.s.p.SixTargetMarketingSlide          :  cell data want46to55
2026-04-12T15:52:51.875-04:00  INFO 1521 --- [web] [http-nio-8081-exec-8] w.p.s.p.SixTargetMarketingSlide          : raw Text want46to55
2026-04-12T15:52:51.876-04:00  INFO 1521 --- [web] [http-nio-8081-exec-8] w.p.s.p.SixTargetMarketingSlide          :  cell data want55Plus
2026-04-12T15:52:51.877-04:00  INFO 1521 --- [web] [http-nio-8081-exec-8] w.p.s.p.SixTargetMarketingSlide          : raw Text want55Plus
2026-04-12T16:02:18.888-04:00  INFO 1662 --- [web] [http-nio-8081-exec-1] w.p.s.p.SixTargetMarketingSlide          :  cell data 
2026-04-12T16:02:18.902-04:00  INFO 1662 --- [web] [http-nio-8081-exec-1] w.p.s.p.SixTargetMarketingSlide          :  cell data 
2026-04-12T16:02:18.903-04:00  INFO 1662 --- [web] [http-nio-8081-exec-1] w.p.s.p.SixTargetMarketingSlide          :  cell data Target 85%
2026-04-12T16:02:18.904-04:00  INFO 1662 --- [web] [http-nio-8081-exec-1] w.p.s.p.SixTargetMarketingSlide          : raw Text Target 85%
2026-04-12T16:02:18.904-04:00  INFO 1662 --- [web] [http-nio-8081-exec-1] w.p.s.p.SixTargetMarketingSlide          :  cell data 
2026-04-12T16:02:18.904-04:00  INFO 1662 --- [web] [http-nio-8081-exec-1] w.p.s.p.SixTargetMarketingSlide          :  cell data 
2026-04-12T16:02:18.904-04:00  INFO 1662 --- [web] [http-nio-8081-exec-1] w.p.s.p.SixTargetMarketingSlide          :  cell data 
2026-04-12T16:02:18.905-04:00  INFO 1662 --- [web] [http-nio-8081-exec-1] w.p.s.p.SixTargetMarketingSlide          :  cell data 12-18
2026-04-12T16:02:18.905-04:00  INFO 1662 --- [web] [http-nio-8081-exec-1] w.p.s.p.SixTargetMarketingSlide          : raw Text 12-18
2026-04-12T16:02:18.905-04:00  INFO 1662 --- [web] [http-nio-8081-exec-1] w.p.s.p.SixTargetMarketingSlide          :  cell data 19-25
2026-04-12T16:02:18.906-04:00  INFO 1662 --- [web] [http-nio-8081-exec-1] w.p.s.p.SixTargetMarketingSlide          : raw Text 19-25
2026-04-12T16:02:18.907-04:00  INFO 1662 --- [web] [http-nio-8081-exec-1] w.p.s.p.SixTargetMarketingSlide          :  cell data 26-35
2026-04-12T16:02:18.907-04:00  INFO 1662 --- [web] [http-nio-8081-exec-1] w.p.s.p.SixTargetMarketingSlide          : raw Text 26-35
2026-04-12T16:02:18.907-04:00  INFO 1662 --- [web] [http-nio-8081-exec-1] w.p.s.p.SixTargetMarketingSlide          :  cell data 36-45
2026-04-12T16:02:18.907-04:00  INFO 1662 --- [web] [http-nio-8081-exec-1] w.p.s.p.SixTargetMarketingSlide          : raw Text 36-45
2026-04-12T16:02:18.908-04:00  INFO 1662 --- [web] [http-nio-8081-exec-1] w.p.s.p.SixTargetMarketingSlide          :  cell data 46-55
2026-04-12T16:02:18.908-04:00  INFO 1662 --- [web] [http-nio-8081-exec-1] w.p.s.p.SixTargetMarketingSlide          : raw Text 46-55
2026-04-12T16:02:18.908-04:00  INFO 1662 --- [web] [http-nio-8081-exec-1] w.p.s.p.SixTargetMarketingSlide          :  cell data 56+
2026-04-12T16:02:18.908-04:00  INFO 1662 --- [web] [http-nio-8081-exec-1] w.p.s.p.SixTargetMarketingSlide          : raw Text 56+
2026-04-12T16:02:18.908-04:00  INFO 1662 --- [web] [http-nio-8081-exec-1] w.p.s.p.SixTargetMarketingSlide          :  cell data have12to18
2026-04-12T16:02:18.909-04:00  INFO 1662 --- [web] [http-nio-8081-exec-1] w.p.s.p.SixTargetMarketingSlide          : raw Text have12to18
2026-04-12T16:02:18.909-04:00  INFO 1662 --- [web] [http-nio-8081-exec-1] w.p.s.p.SixTargetMarketingSlide          :  cell data have19to25
2026-04-12T16:02:18.909-04:00  INFO 1662 --- [web] [http-nio-8081-exec-1] w.p.s.p.SixTargetMarketingSlide          : raw Text have19to25
2026-04-12T16:02:18.909-04:00  INFO 1662 --- [web] [http-nio-8081-exec-1] w.p.s.p.SixTargetMarketingSlide          :  cell data have26to35
2026-04-12T16:02:18.910-04:00  INFO 1662 --- [web] [http-nio-8081-exec-1] w.p.s.p.SixTargetMarketingSlide          : raw Text have26to35
2026-04-12T16:02:18.910-04:00  INFO 1662 --- [web] [http-nio-8081-exec-1] w.p.s.p.SixTargetMarketingSlide          :  cell data have36to45
2026-04-12T16:02:18.910-04:00  INFO 1662 --- [web] [http-nio-8081-exec-1] w.p.s.p.SixTargetMarketingSlide          : raw Text have36to45
2026-04-12T16:02:18.911-04:00  INFO 1662 --- [web] [http-nio-8081-exec-1] w.p.s.p.SixTargetMarketingSlide          :  cell data have46to55
2026-04-12T16:02:18.911-04:00  INFO 1662 --- [web] [http-nio-8081-exec-1] w.p.s.p.SixTargetMarketingSlide          : raw Text have46to55
2026-04-12T16:02:18.912-04:00  INFO 1662 --- [web] [http-nio-8081-exec-1] w.p.s.p.SixTargetMarketingSlide          :  cell data have56Plus
2026-04-12T16:02:18.912-04:00  INFO 1662 --- [web] [http-nio-8081-exec-1] w.p.s.p.SixTargetMarketingSlide          : raw Text have56Plus
2026-04-12T16:02:18.913-04:00  INFO 1662 --- [web] [http-nio-8081-exec-1] w.p.s.p.SixTargetMarketingSlide          :  cell data want19to25
2026-04-12T16:02:18.913-04:00  INFO 1662 --- [web] [http-nio-8081-exec-1] w.p.s.p.SixTargetMarketingSlide          : raw Text want19to25
2026-04-12T16:02:18.914-04:00  INFO 1662 --- [web] [http-nio-8081-exec-1] w.p.s.p.SixTargetMarketingSlide          :  cell data want19to25
2026-04-12T16:02:18.914-04:00  INFO 1662 --- [web] [http-nio-8081-exec-1] w.p.s.p.SixTargetMarketingSlide          : raw Text want19to25
2026-04-12T16:02:18.914-04:00  INFO 1662 --- [web] [http-nio-8081-exec-1] w.p.s.p.SixTargetMarketingSlide          :  cell data want26to35
2026-04-12T16:02:18.914-04:00  INFO 1662 --- [web] [http-nio-8081-exec-1] w.p.s.p.SixTargetMarketingSlide          : raw Text want26to35
2026-04-12T16:02:18.915-04:00  INFO 1662 --- [web] [http-nio-8081-exec-1] w.p.s.p.SixTargetMarketingSlide          :  cell data want36to45
2026-04-12T16:02:18.915-04:00  INFO 1662 --- [web] [http-nio-8081-exec-1] w.p.s.p.SixTargetMarketingSlide          : raw Text want36to45
2026-04-12T16:02:18.915-04:00  INFO 1662 --- [web] [http-nio-8081-exec-1] w.p.s.p.SixTargetMarketingSlide          :  cell data want46to55
2026-04-12T16:02:18.915-04:00  INFO 1662 --- [web] [http-nio-8081-exec-1] w.p.s.p.SixTargetMarketingSlide          : raw Text want46to55
2026-04-12T16:02:18.915-04:00  INFO 1662 --- [web] [http-nio-8081-exec-1] w.p.s.p.SixTargetMarketingSlide          :  cell data want55Plus
2026-04-12T16:02:18.915-04:00  INFO 1662 --- [web] [http-nio-8081-exec-1] w.p.s.p.SixTargetMarketingSlide          : raw Text want55Plus
2026-04-14T20:14:40.402-04:00  INFO 56097 --- [web] [main] w.p.s.p.SixTargetMarketingSlide          :  cell data 
2026-04-14T20:14:40.416-04:00  INFO 56097 --- [web] [main] w.p.s.p.SixTargetMarketingSlide          :  cell data 
2026-04-14T20:14:40.418-04:00  INFO 56097 --- [web] [main] w.p.s.p.SixTargetMarketingSlide          :  cell data Target 85%
2026-04-14T20:14:40.419-04:00  INFO 56097 --- [web] [main] w.p.s.p.SixTargetMarketingSlide          : raw Text Target 85%
2026-04-14T20:14:40.420-04:00  INFO 56097 --- [web] [main] w.p.s.p.SixTargetMarketingSlide          :  cell data 
2026-04-14T20:14:40.421-04:00  INFO 56097 --- [web] [main] w.p.s.p.SixTargetMarketingSlide          :  cell data 
2026-04-14T20:14:40.421-04:00  INFO 56097 --- [web] [main] w.p.s.p.SixTargetMarketingSlide          :  cell data 
2026-04-14T20:14:40.422-04:00  INFO 56097 --- [web] [main] w.p.s.p.SixTargetMarketingSlide          :  cell data 12-18
2026-04-14T20:14:40.422-04:00  INFO 56097 --- [web] [main] w.p.s.p.SixTargetMarketingSlide          : raw Text 12-18
2026-04-14T20:14:40.453-04:00  INFO 56097 --- [web] [main] w.p.s.p.SixTargetMarketingSlide          :  cell data 19-25
2026-04-14T20:14:40.454-04:00  INFO 56097 --- [web] [main] w.p.s.p.SixTargetMarketingSlide          : raw Text 19-25
2026-04-14T20:14:40.455-04:00  INFO 56097 --- [web] [main] w.p.s.p.SixTargetMarketingSlide          :  cell data 26-35
2026-04-14T20:14:40.455-04:00  INFO 56097 --- [web] [main] w.p.s.p.SixTargetMarketingSlide          : raw Text 26-35
2026-04-14T20:14:40.456-04:00  INFO 56097 --- [web] [main] w.p.s.p.SixTargetMarketingSlide          :  cell data 36-45
2026-04-14T20:14:40.456-04:00  INFO 56097 --- [web] [main] w.p.s.p.SixTargetMarketingSlide          : raw Text 36-45
2026-04-14T20:14:40.456-04:00  INFO 56097 --- [web] [main] w.p.s.p.SixTargetMarketingSlide          :  cell data 46-55
2026-04-14T20:14:40.458-04:00  INFO 56097 --- [web] [main] w.p.s.p.SixTargetMarketingSlide          : raw Text 46-55
2026-04-14T20:14:40.459-04:00  INFO 56097 --- [web] [main] w.p.s.p.SixTargetMarketingSlide          :  cell data 56+
2026-04-14T20:14:40.459-04:00  INFO 56097 --- [web] [main] w.p.s.p.SixTargetMarketingSlide          : raw Text 56+
2026-04-14T20:14:40.460-04:00  INFO 56097 --- [web] [main] w.p.s.p.SixTargetMarketingSlide          :  cell data have12to18
2026-04-14T20:14:40.460-04:00  INFO 56097 --- [web] [main] w.p.s.p.SixTargetMarketingSlide          : raw Text have12to18
2026-04-14T20:14:40.464-04:00  INFO 56097 --- [web] [main] w.p.s.p.SixTargetMarketingSlide          :  cell data have19to25
2026-04-14T20:14:40.464-04:00  INFO 56097 --- [web] [main] w.p.s.p.SixTargetMarketingSlide          : raw Text have19to25
2026-04-14T20:14:40.465-04:00  INFO 56097 --- [web] [main] w.p.s.p.SixTargetMarketingSlide          :  cell data have26to35
2026-04-14T20:14:40.465-04:00  INFO 56097 --- [web] [main] w.p.s.p.SixTargetMarketingSlide          : raw Text have26to35
2026-04-14T20:14:40.465-04:00  INFO 56097 --- [web] [main] w.p.s.p.SixTargetMarketingSlide          :  cell data have36to45
2026-04-14T20:14:40.465-04:00  INFO 56097 --- [web] [main] w.p.s.p.SixTargetMarketingSlide          : raw Text have36to45
2026-04-14T20:14:40.466-04:00  INFO 56097 --- [web] [main] w.p.s.p.SixTargetMarketingSlide          :  cell data have46to55
2026-04-14T20:14:40.466-04:00  INFO 56097 --- [web] [main] w.p.s.p.SixTargetMarketingSlide          : raw Text have46to55
2026-04-14T20:14:40.467-04:00  INFO 56097 --- [web] [main] w.p.s.p.SixTargetMarketingSlide          :  cell data have56Plus
2026-04-14T20:14:40.467-04:00  INFO 56097 --- [web] [main] w.p.s.p.SixTargetMarketingSlide          : raw Text have56Plus
2026-04-14T20:14:40.467-04:00  INFO 56097 --- [web] [main] w.p.s.p.SixTargetMarketingSlide          :  cell data want19to25
2026-04-14T20:14:40.468-04:00  INFO 56097 --- [web] [main] w.p.s.p.SixTargetMarketingSlide          : raw Text want19to25
2026-04-14T20:14:40.470-04:00  INFO 56097 --- [web] [main] w.p.s.p.SixTargetMarketingSlide          :  cell data want19to25
2026-04-14T20:14:40.470-04:00  INFO 56097 --- [web] [main] w.p.s.p.SixTargetMarketingSlide          : raw Text want19to25
2026-04-14T20:14:40.471-04:00  INFO 56097 --- [web] [main] w.p.s.p.SixTargetMarketingSlide          :  cell data want26to35
2026-04-14T20:14:40.471-04:00  INFO 56097 --- [web] [main] w.p.s.p.SixTargetMarketingSlide          : raw Text want26to35
2026-04-14T20:14:40.471-04:00  INFO 56097 --- [web] [main] w.p.s.p.SixTargetMarketingSlide          :  cell data want36to45
2026-04-14T20:14:40.472-04:00  INFO 56097 --- [web] [main] w.p.s.p.SixTargetMarketingSlide          : raw Text want36to45
2026-04-14T20:14:40.472-04:00  INFO 56097 --- [web] [main] w.p.s.p.SixTargetMarketingSlide          :  cell data want46to55
2026-04-14T20:14:40.472-04:00  INFO 56097 --- [web] [main] w.p.s.p.SixTargetMarketingSlide          : raw Text want46to55
2026-04-14T20:14:40.473-04:00  INFO 56097 --- [web] [main] w.p.s.p.SixTargetMarketingSlide          :  cell data want55Plus
2026-04-14T20:14:40.473-04:00  INFO 56097 --- [web] [main] w.p.s.p.SixTargetMarketingSlide          : raw Text want55Plus
2026-04-14T20:23:51.810-04:00  INFO 56336 --- [web] [main] w.p.s.p.SixTargetMarketingSlide          :  cell data 
2026-04-14T20:23:51.825-04:00  INFO 56336 --- [web] [main] w.p.s.p.SixTargetMarketingSlide          :  cell data 
2026-04-14T20:23:51.827-04:00  INFO 56336 --- [web] [main] w.p.s.p.SixTargetMarketingSlide          :  cell data Target 85%
2026-04-14T20:23:51.827-04:00  INFO 56336 --- [web] [main] w.p.s.p.SixTargetMarketingSlide          : raw Text Target 85%
2026-04-14T20:23:51.828-04:00  INFO 56336 --- [web] [main] w.p.s.p.SixTargetMarketingSlide          :  cell data 
2026-04-14T20:23:51.828-04:00  INFO 56336 --- [web] [main] w.p.s.p.SixTargetMarketingSlide          :  cell data 
2026-04-14T20:23:51.829-04:00  INFO 56336 --- [web] [main] w.p.s.p.SixTargetMarketingSlide          :  cell data 
2026-04-14T20:23:51.829-04:00  INFO 56336 --- [web] [main] w.p.s.p.SixTargetMarketingSlide          :  cell data 12-18
2026-04-14T20:23:51.830-04:00  INFO 56336 --- [web] [main] w.p.s.p.SixTargetMarketingSlide          : raw Text 12-18
2026-04-14T20:23:51.830-04:00  INFO 56336 --- [web] [main] w.p.s.p.SixTargetMarketingSlide          :  cell data 19-25
2026-04-14T20:23:51.831-04:00  INFO 56336 --- [web] [main] w.p.s.p.SixTargetMarketingSlide          : raw Text 19-25
2026-04-14T20:23:51.831-04:00  INFO 56336 --- [web] [main] w.p.s.p.SixTargetMarketingSlide          :  cell data 26-35
2026-04-14T20:23:51.831-04:00  INFO 56336 --- [web] [main] w.p.s.p.SixTargetMarketingSlide          : raw Text 26-35
2026-04-14T20:23:51.832-04:00  INFO 56336 --- [web] [main] w.p.s.p.SixTargetMarketingSlide          :  cell data 36-45
2026-04-14T20:23:51.833-04:00  INFO 56336 --- [web] [main] w.p.s.p.SixTargetMarketingSlide          : raw Text 36-45
2026-04-14T20:23:51.833-04:00  INFO 56336 --- [web] [main] w.p.s.p.SixTargetMarketingSlide          :  cell data 46-55
2026-04-14T20:23:51.834-04:00  INFO 56336 --- [web] [main] w.p.s.p.SixTargetMarketingSlide          : raw Text 46-55
2026-04-14T20:23:51.834-04:00  INFO 56336 --- [web] [main] w.p.s.p.SixTargetMarketingSlide          :  cell data 56+
2026-04-14T20:23:51.835-04:00  INFO 56336 --- [web] [main] w.p.s.p.SixTargetMarketingSlide          : raw Text 56+
2026-04-14T20:23:51.835-04:00  INFO 56336 --- [web] [main] w.p.s.p.SixTargetMarketingSlide          :  cell data have12to18
2026-04-14T20:23:51.835-04:00  INFO 56336 --- [web] [main] w.p.s.p.SixTargetMarketingSlide          : raw Text have12to18
2026-04-14T20:23:51.837-04:00  INFO 56336 --- [web] [main] w.p.s.p.SixTargetMarketingSlide          :  cell data have19to25
2026-04-14T20:23:51.838-04:00  INFO 56336 --- [web] [main] w.p.s.p.SixTargetMarketingSlide          : raw Text have19to25
2026-04-14T20:23:51.838-04:00  INFO 56336 --- [web] [main] w.p.s.p.SixTargetMarketingSlide          :  cell data have26to35
2026-04-14T20:23:51.838-04:00  INFO 56336 --- [web] [main] w.p.s.p.SixTargetMarketingSlide          : raw Text have26to35
2026-04-14T20:23:51.838-04:00  INFO 56336 --- [web] [main] w.p.s.p.SixTargetMarketingSlide          :  cell data have36to45
2026-04-14T20:23:51.839-04:00  INFO 56336 --- [web] [main] w.p.s.p.SixTargetMarketingSlide          : raw Text have36to45
2026-04-14T20:23:51.839-04:00  INFO 56336 --- [web] [main] w.p.s.p.SixTargetMarketingSlide          :  cell data have46to55
2026-04-14T20:23:51.839-04:00  INFO 56336 --- [web] [main] w.p.s.p.SixTargetMarketingSlide          : raw Text have46to55
2026-04-14T20:23:51.839-04:00  INFO 56336 --- [web] [main] w.p.s.p.SixTargetMarketingSlide          :  cell data have56Plus
2026-04-14T20:23:51.839-04:00  INFO 56336 --- [web] [main] w.p.s.p.SixTargetMarketingSlide          : raw Text have56Plus
2026-04-14T20:23:51.840-04:00  INFO 56336 --- [web] [main] w.p.s.p.SixTargetMarketingSlide          :  cell data want19to25
2026-04-14T20:23:51.840-04:00  INFO 56336 --- [web] [main] w.p.s.p.SixTargetMarketingSlide          : raw Text want19to25
2026-04-14T20:23:51.841-04:00  INFO 56336 --- [web] [main] w.p.s.p.SixTargetMarketingSlide          :  cell data want19to25
2026-04-14T20:23:51.841-04:00  INFO 56336 --- [web] [main] w.p.s.p.SixTargetMarketingSlide          : raw Text want19to25
2026-04-14T20:23:51.841-04:00  INFO 56336 --- [web] [main] w.p.s.p.SixTargetMarketingSlide          :  cell data want26to35
2026-04-14T20:23:51.841-04:00  INFO 56336 --- [web] [main] w.p.s.p.SixTargetMarketingSlide          : raw Text want26to35
2026-04-14T20:23:51.842-04:00  INFO 56336 --- [web] [main] w.p.s.p.SixTargetMarketingSlide          :  cell data want36to45
2026-04-14T20:23:51.843-04:00  INFO 56336 --- [web] [main] w.p.s.p.SixTargetMarketingSlide          : raw Text want36to45
2026-04-14T20:23:51.843-04:00  INFO 56336 --- [web] [main] w.p.s.p.SixTargetMarketingSlide          :  cell data want46to55
2026-04-14T20:23:51.843-04:00  INFO 56336 --- [web] [main] w.p.s.p.SixTargetMarketingSlide          : raw Text want46to55
2026-04-14T20:23:51.844-04:00  INFO 56336 --- [web] [main] w.p.s.p.SixTargetMarketingSlide          :  cell data want55Plus
2026-04-14T20:23:51.844-04:00  INFO 56336 --- [web] [main] w.p.s.p.SixTargetMarketingSlide          : raw Text want55Plus
2026-04-14T20:25:22.253-04:00  INFO 56458 --- [web] [main] w.p.s.p.SixTargetMarketingSlide          :  cell data 
2026-04-14T20:25:22.266-04:00  INFO 56458 --- [web] [main] w.p.s.p.SixTargetMarketingSlide          :  cell data 
2026-04-14T20:25:22.267-04:00  INFO 56458 --- [web] [main] w.p.s.p.SixTargetMarketingSlide          :  cell data Target 85%
2026-04-14T20:25:22.268-04:00  INFO 56458 --- [web] [main] w.p.s.p.SixTargetMarketingSlide          : raw Text Target 85%
2026-04-14T20:25:22.268-04:00  INFO 56458 --- [web] [main] w.p.s.p.SixTargetMarketingSlide          :  cell data 
2026-04-14T20:25:22.269-04:00  INFO 56458 --- [web] [main] w.p.s.p.SixTargetMarketingSlide          :  cell data 
2026-04-14T20:25:22.269-04:00  INFO 56458 --- [web] [main] w.p.s.p.SixTargetMarketingSlide          :  cell data 
2026-04-14T20:25:22.269-04:00  INFO 56458 --- [web] [main] w.p.s.p.SixTargetMarketingSlide          :  cell data 12-18
2026-04-14T20:25:22.270-04:00  INFO 56458 --- [web] [main] w.p.s.p.SixTargetMarketingSlide          : raw Text 12-18
2026-04-14T20:25:22.270-04:00  INFO 56458 --- [web] [main] w.p.s.p.SixTargetMarketingSlide          :  cell data 19-25
2026-04-14T20:25:22.271-04:00  INFO 56458 --- [web] [main] w.p.s.p.SixTargetMarketingSlide          : raw Text 19-25
2026-04-14T20:25:22.271-04:00  INFO 56458 --- [web] [main] w.p.s.p.SixTargetMarketingSlide          :  cell data 26-35
2026-04-14T20:25:22.272-04:00  INFO 56458 --- [web] [main] w.p.s.p.SixTargetMarketingSlide          : raw Text 26-35
2026-04-14T20:25:22.272-04:00  INFO 56458 --- [web] [main] w.p.s.p.SixTargetMarketingSlide          :  cell data 36-45
2026-04-14T20:25:22.272-04:00  INFO 56458 --- [web] [main] w.p.s.p.SixTargetMarketingSlide          : raw Text 36-45
2026-04-14T20:25:22.273-04:00  INFO 56458 --- [web] [main] w.p.s.p.SixTargetMarketingSlide          :  cell data 46-55
2026-04-14T20:25:22.273-04:00  INFO 56458 --- [web] [main] w.p.s.p.SixTargetMarketingSlide          : raw Text 46-55
2026-04-14T20:25:22.274-04:00  INFO 56458 --- [web] [main] w.p.s.p.SixTargetMarketingSlide          :  cell data 56+
2026-04-14T20:25:22.274-04:00  INFO 56458 --- [web] [main] w.p.s.p.SixTargetMarketingSlide          : raw Text 56+
2026-04-14T20:25:22.274-04:00  INFO 56458 --- [web] [main] w.p.s.p.SixTargetMarketingSlide          :  cell data have12to18
2026-04-14T20:25:22.274-04:00  INFO 56458 --- [web] [main] w.p.s.p.SixTargetMarketingSlide          : raw Text have12to18
2026-04-14T20:25:22.275-04:00  INFO 56458 --- [web] [main] w.p.s.p.SixTargetMarketingSlide          :  cell data have19to25
2026-04-14T20:25:22.275-04:00  INFO 56458 --- [web] [main] w.p.s.p.SixTargetMarketingSlide          : raw Text have19to25
2026-04-14T20:25:22.275-04:00  INFO 56458 --- [web] [main] w.p.s.p.SixTargetMarketingSlide          :  cell data have26to35
2026-04-14T20:25:22.275-04:00  INFO 56458 --- [web] [main] w.p.s.p.SixTargetMarketingSlide          : raw Text have26to35
2026-04-14T20:25:22.276-04:00  INFO 56458 --- [web] [main] w.p.s.p.SixTargetMarketingSlide          :  cell data have36to45
2026-04-14T20:25:22.276-04:00  INFO 56458 --- [web] [main] w.p.s.p.SixTargetMarketingSlide          : raw Text have36to45
2026-04-14T20:25:22.276-04:00  INFO 56458 --- [web] [main] w.p.s.p.SixTargetMarketingSlide          :  cell data have46to55
2026-04-14T20:25:22.277-04:00  INFO 56458 --- [web] [main] w.p.s.p.SixTargetMarketingSlide          : raw Text have46to55
2026-04-14T20:25:22.277-04:00  INFO 56458 --- [web] [main] w.p.s.p.SixTargetMarketingSlide          :  cell data have56Plus
2026-04-14T20:25:22.277-04:00  INFO 56458 --- [web] [main] w.p.s.p.SixTargetMarketingSlide          : raw Text have56Plus
2026-04-14T20:25:22.278-04:00  INFO 56458 --- [web] [main] w.p.s.p.SixTargetMarketingSlide          :  cell data want19to25
2026-04-14T20:25:22.279-04:00  INFO 56458 --- [web] [main] w.p.s.p.SixTargetMarketingSlide          : raw Text want19to25
2026-04-14T20:25:22.280-04:00  INFO 56458 --- [web] [main] w.p.s.p.SixTargetMarketingSlide          :  cell data want19to25
2026-04-14T20:25:22.280-04:00  INFO 56458 --- [web] [main] w.p.s.p.SixTargetMarketingSlide          : raw Text want19to25
2026-04-14T20:25:22.281-04:00  INFO 56458 --- [web] [main] w.p.s.p.SixTargetMarketingSlide          :  cell data want26to35
2026-04-14T20:25:22.281-04:00  INFO 56458 --- [web] [main] w.p.s.p.SixTargetMarketingSlide          : raw Text want26to35
2026-04-14T20:25:22.281-04:00  INFO 56458 --- [web] [main] w.p.s.p.SixTargetMarketingSlide          :  cell data want36to45
2026-04-14T20:25:22.281-04:00  INFO 56458 --- [web] [main] w.p.s.p.SixTargetMarketingSlide          : raw Text want36to45
2026-04-14T20:25:22.282-04:00  INFO 56458 --- [web] [main] w.p.s.p.SixTargetMarketingSlide          :  cell data want46to55
2026-04-14T20:25:22.282-04:00  INFO 56458 --- [web] [main] w.p.s.p.SixTargetMarketingSlide          : raw Text want46to55
2026-04-14T20:25:22.282-04:00  INFO 56458 --- [web] [main] w.p.s.p.SixTargetMarketingSlide          :  cell data want55Plus
2026-04-14T20:25:22.282-04:00  INFO 56458 --- [web] [main] w.p.s.p.SixTargetMarketingSlide          : raw Text want55Plus
2026-04-14T20:31:22.717-04:00  INFO 56645 --- [web] [http-nio-8081-exec-7] w.p.s.p.SixTargetMarketingSlide          :  cell data 
2026-04-14T20:31:22.732-04:00  INFO 56645 --- [web] [http-nio-8081-exec-7] w.p.s.p.SixTargetMarketingSlide          :  cell data 
2026-04-14T20:31:22.734-04:00  INFO 56645 --- [web] [http-nio-8081-exec-7] w.p.s.p.SixTargetMarketingSlide          :  cell data Target 85%
2026-04-14T20:31:22.734-04:00  INFO 56645 --- [web] [http-nio-8081-exec-7] w.p.s.p.SixTargetMarketingSlide          : raw Text Target 85%
2026-04-14T20:31:22.734-04:00  INFO 56645 --- [web] [http-nio-8081-exec-7] w.p.s.p.SixTargetMarketingSlide          :  cell data 
2026-04-14T20:31:22.734-04:00  INFO 56645 --- [web] [http-nio-8081-exec-7] w.p.s.p.SixTargetMarketingSlide          :  cell data 
2026-04-14T20:31:22.734-04:00  INFO 56645 --- [web] [http-nio-8081-exec-7] w.p.s.p.SixTargetMarketingSlide          :  cell data 
2026-04-14T20:31:22.735-04:00  INFO 56645 --- [web] [http-nio-8081-exec-7] w.p.s.p.SixTargetMarketingSlide          :  cell data 12-18
2026-04-14T20:31:22.735-04:00  INFO 56645 --- [web] [http-nio-8081-exec-7] w.p.s.p.SixTargetMarketingSlide          : raw Text 12-18
2026-04-14T20:31:22.736-04:00  INFO 56645 --- [web] [http-nio-8081-exec-7] w.p.s.p.SixTargetMarketingSlide          :  cell data 19-25
2026-04-14T20:31:22.736-04:00  INFO 56645 --- [web] [http-nio-8081-exec-7] w.p.s.p.SixTargetMarketingSlide          : raw Text 19-25
2026-04-14T20:31:22.736-04:00  INFO 56645 --- [web] [http-nio-8081-exec-7] w.p.s.p.SixTargetMarketingSlide          :  cell data 26-35
2026-04-14T20:31:22.736-04:00  INFO 56645 --- [web] [http-nio-8081-exec-7] w.p.s.p.SixTargetMarketingSlide          : raw Text 26-35
2026-04-14T20:31:22.737-04:00  INFO 56645 --- [web] [http-nio-8081-exec-7] w.p.s.p.SixTargetMarketingSlide          :  cell data 36-45
2026-04-14T20:31:22.737-04:00  INFO 56645 --- [web] [http-nio-8081-exec-7] w.p.s.p.SixTargetMarketingSlide          : raw Text 36-45
2026-04-14T20:31:22.738-04:00  INFO 56645 --- [web] [http-nio-8081-exec-7] w.p.s.p.SixTargetMarketingSlide          :  cell data 46-55
2026-04-14T20:31:22.738-04:00  INFO 56645 --- [web] [http-nio-8081-exec-7] w.p.s.p.SixTargetMarketingSlide          : raw Text 46-55
2026-04-14T20:31:22.738-04:00  INFO 56645 --- [web] [http-nio-8081-exec-7] w.p.s.p.SixTargetMarketingSlide          :  cell data 56+
2026-04-14T20:31:22.738-04:00  INFO 56645 --- [web] [http-nio-8081-exec-7] w.p.s.p.SixTargetMarketingSlide          : raw Text 56+
2026-04-14T20:31:22.738-04:00  INFO 56645 --- [web] [http-nio-8081-exec-7] w.p.s.p.SixTargetMarketingSlide          :  cell data have12to18
2026-04-14T20:31:22.738-04:00  INFO 56645 --- [web] [http-nio-8081-exec-7] w.p.s.p.SixTargetMarketingSlide          : raw Text have12to18
2026-04-14T20:31:22.739-04:00  INFO 56645 --- [web] [http-nio-8081-exec-7] w.p.s.p.SixTargetMarketingSlide          :  cell data have19to25
2026-04-14T20:31:22.740-04:00  INFO 56645 --- [web] [http-nio-8081-exec-7] w.p.s.p.SixTargetMarketingSlide          : raw Text have19to25
2026-04-14T20:31:22.740-04:00  INFO 56645 --- [web] [http-nio-8081-exec-7] w.p.s.p.SixTargetMarketingSlide          :  cell data have26to35
2026-04-14T20:31:22.741-04:00  INFO 56645 --- [web] [http-nio-8081-exec-7] w.p.s.p.SixTargetMarketingSlide          : raw Text have26to35
2026-04-14T20:31:22.741-04:00  INFO 56645 --- [web] [http-nio-8081-exec-7] w.p.s.p.SixTargetMarketingSlide          :  cell data have36to45
2026-04-14T20:31:22.741-04:00  INFO 56645 --- [web] [http-nio-8081-exec-7] w.p.s.p.SixTargetMarketingSlide          : raw Text have36to45
2026-04-14T20:31:22.741-04:00  INFO 56645 --- [web] [http-nio-8081-exec-7] w.p.s.p.SixTargetMarketingSlide          :  cell data have46to55
2026-04-14T20:31:22.742-04:00  INFO 56645 --- [web] [http-nio-8081-exec-7] w.p.s.p.SixTargetMarketingSlide          : raw Text have46to55
2026-04-14T20:31:22.742-04:00  INFO 56645 --- [web] [http-nio-8081-exec-7] w.p.s.p.SixTargetMarketingSlide          :  cell data have56Plus
2026-04-14T20:31:22.742-04:00  INFO 56645 --- [web] [http-nio-8081-exec-7] w.p.s.p.SixTargetMarketingSlide          : raw Text have56Plus
2026-04-14T20:31:22.743-04:00  INFO 56645 --- [web] [http-nio-8081-exec-7] w.p.s.p.SixTargetMarketingSlide          :  cell data want19to25
2026-04-14T20:31:22.743-04:00  INFO 56645 --- [web] [http-nio-8081-exec-7] w.p.s.p.SixTargetMarketingSlide          : raw Text want19to25
2026-04-14T20:31:22.744-04:00  INFO 56645 --- [web] [http-nio-8081-exec-7] w.p.s.p.SixTargetMarketingSlide          :  cell data want19to25
2026-04-14T20:31:22.744-04:00  INFO 56645 --- [web] [http-nio-8081-exec-7] w.p.s.p.SixTargetMarketingSlide          : raw Text want19to25
2026-04-14T20:31:22.744-04:00  INFO 56645 --- [web] [http-nio-8081-exec-7] w.p.s.p.SixTargetMarketingSlide          :  cell data want26to35
2026-04-14T20:31:22.744-04:00  INFO 56645 --- [web] [http-nio-8081-exec-7] w.p.s.p.SixTargetMarketingSlide          : raw Text want26to35
2026-04-14T20:31:22.744-04:00  INFO 56645 --- [web] [http-nio-8081-exec-7] w.p.s.p.SixTargetMarketingSlide          :  cell data want36to45
2026-04-14T20:31:22.744-04:00  INFO 56645 --- [web] [http-nio-8081-exec-7] w.p.s.p.SixTargetMarketingSlide          : raw Text want36to45
2026-04-14T20:31:22.744-04:00  INFO 56645 --- [web] [http-nio-8081-exec-7] w.p.s.p.SixTargetMarketingSlide          :  cell data want46to55
2026-04-14T20:31:22.744-04:00  INFO 56645 --- [web] [http-nio-8081-exec-7] w.p.s.p.SixTargetMarketingSlide          : raw Text want46to55
2026-04-14T20:31:22.744-04:00  INFO 56645 --- [web] [http-nio-8081-exec-7] w.p.s.p.SixTargetMarketingSlide          :  cell data want55Plus
2026-04-14T20:31:22.744-04:00  INFO 56645 --- [web] [http-nio-8081-exec-7] w.p.s.p.SixTargetMarketingSlide          : raw Text want55Plus
2026-04-14T20:37:09.140-04:00  INFO 56645 --- [web] [http-nio-8081-exec-6] w.p.s.p.SixTargetMarketingSlide          :  cell data 
2026-04-14T20:37:09.156-04:00  INFO 56645 --- [web] [http-nio-8081-exec-6] w.p.s.p.SixTargetMarketingSlide          :  cell data 
2026-04-14T20:37:09.157-04:00  INFO 56645 --- [web] [http-nio-8081-exec-6] w.p.s.p.SixTargetMarketingSlide          :  cell data Target 85%
2026-04-14T20:37:09.157-04:00  INFO 56645 --- [web] [http-nio-8081-exec-6] w.p.s.p.SixTargetMarketingSlide          : raw Text Target 85%
2026-04-14T20:37:09.158-04:00  INFO 56645 --- [web] [http-nio-8081-exec-6] w.p.s.p.SixTargetMarketingSlide          :  cell data 
2026-04-14T20:37:09.158-04:00  INFO 56645 --- [web] [http-nio-8081-exec-6] w.p.s.p.SixTargetMarketingSlide          :  cell data 
2026-04-14T20:37:09.158-04:00  INFO 56645 --- [web] [http-nio-8081-exec-6] w.p.s.p.SixTargetMarketingSlide          :  cell data 
2026-04-14T20:37:09.158-04:00  INFO 56645 --- [web] [http-nio-8081-exec-6] w.p.s.p.SixTargetMarketingSlide          :  cell data 12-18
2026-04-14T20:37:09.158-04:00  INFO 56645 --- [web] [http-nio-8081-exec-6] w.p.s.p.SixTargetMarketingSlide          : raw Text 12-18
2026-04-14T20:37:09.158-04:00  INFO 56645 --- [web] [http-nio-8081-exec-6] w.p.s.p.SixTargetMarketingSlide          :  cell data 19-25
2026-04-14T20:37:09.158-04:00  INFO 56645 --- [web] [http-nio-8081-exec-6] w.p.s.p.SixTargetMarketingSlide          : raw Text 19-25
2026-04-14T20:37:09.159-04:00  INFO 56645 --- [web] [http-nio-8081-exec-6] w.p.s.p.SixTargetMarketingSlide          :  cell data 26-35
2026-04-14T20:37:09.159-04:00  INFO 56645 --- [web] [http-nio-8081-exec-6] w.p.s.p.SixTargetMarketingSlide          : raw Text 26-35
2026-04-14T20:37:09.159-04:00  INFO 56645 --- [web] [http-nio-8081-exec-6] w.p.s.p.SixTargetMarketingSlide          :  cell data 36-45
2026-04-14T20:37:09.159-04:00  INFO 56645 --- [web] [http-nio-8081-exec-6] w.p.s.p.SixTargetMarketingSlide          : raw Text 36-45
2026-04-14T20:37:09.159-04:00  INFO 56645 --- [web] [http-nio-8081-exec-6] w.p.s.p.SixTargetMarketingSlide          :  cell data 46-55
2026-04-14T20:37:09.159-04:00  INFO 56645 --- [web] [http-nio-8081-exec-6] w.p.s.p.SixTargetMarketingSlide          : raw Text 46-55
2026-04-14T20:37:09.160-04:00  INFO 56645 --- [web] [http-nio-8081-exec-6] w.p.s.p.SixTargetMarketingSlide          :  cell data 56+
2026-04-14T20:37:09.160-04:00  INFO 56645 --- [web] [http-nio-8081-exec-6] w.p.s.p.SixTargetMarketingSlide          : raw Text 56+
2026-04-14T20:37:09.160-04:00  INFO 56645 --- [web] [http-nio-8081-exec-6] w.p.s.p.SixTargetMarketingSlide          :  cell data have12to18
2026-04-14T20:37:09.160-04:00  INFO 56645 --- [web] [http-nio-8081-exec-6] w.p.s.p.SixTargetMarketingSlide          : raw Text have12to18
2026-04-14T20:37:09.161-04:00  INFO 56645 --- [web] [http-nio-8081-exec-6] w.p.s.p.SixTargetMarketingSlide          :  cell data have19to25
2026-04-14T20:37:09.166-04:00  INFO 56645 --- [web] [http-nio-8081-exec-6] w.p.s.p.SixTargetMarketingSlide          : raw Text have19to25
2026-04-14T20:37:09.168-04:00  INFO 56645 --- [web] [http-nio-8081-exec-6] w.p.s.p.SixTargetMarketingSlide          :  cell data have26to35
2026-04-14T20:37:09.169-04:00  INFO 56645 --- [web] [http-nio-8081-exec-6] w.p.s.p.SixTargetMarketingSlide          : raw Text have26to35
2026-04-14T20:37:09.169-04:00  INFO 56645 --- [web] [http-nio-8081-exec-6] w.p.s.p.SixTargetMarketingSlide          :  cell data have36to45
2026-04-14T20:37:09.169-04:00  INFO 56645 --- [web] [http-nio-8081-exec-6] w.p.s.p.SixTargetMarketingSlide          : raw Text have36to45
2026-04-14T20:37:09.169-04:00  INFO 56645 --- [web] [http-nio-8081-exec-6] w.p.s.p.SixTargetMarketingSlide          :  cell data have46to55
2026-04-14T20:37:09.169-04:00  INFO 56645 --- [web] [http-nio-8081-exec-6] w.p.s.p.SixTargetMarketingSlide          : raw Text have46to55
2026-04-14T20:37:09.169-04:00  INFO 56645 --- [web] [http-nio-8081-exec-6] w.p.s.p.SixTargetMarketingSlide          :  cell data have56Plus
2026-04-14T20:37:09.169-04:00  INFO 56645 --- [web] [http-nio-8081-exec-6] w.p.s.p.SixTargetMarketingSlide          : raw Text have56Plus
2026-04-14T20:37:09.169-04:00  INFO 56645 --- [web] [http-nio-8081-exec-6] w.p.s.p.SixTargetMarketingSlide          :  cell data want19to25
2026-04-14T20:37:09.170-04:00  INFO 56645 --- [web] [http-nio-8081-exec-6] w.p.s.p.SixTargetMarketingSlide          : raw Text want19to25
2026-04-14T20:37:09.170-04:00  INFO 56645 --- [web] [http-nio-8081-exec-6] w.p.s.p.SixTargetMarketingSlide          :  cell data want19to25
2026-04-14T20:37:09.170-04:00  INFO 56645 --- [web] [http-nio-8081-exec-6] w.p.s.p.SixTargetMarketingSlide          : raw Text want19to25
2026-04-14T20:37:09.170-04:00  INFO 56645 --- [web] [http-nio-8081-exec-6] w.p.s.p.SixTargetMarketingSlide          :  cell data want26to35
2026-04-14T20:37:09.170-04:00  INFO 56645 --- [web] [http-nio-8081-exec-6] w.p.s.p.SixTargetMarketingSlide          : raw Text want26to35
2026-04-14T20:37:09.170-04:00  INFO 56645 --- [web] [http-nio-8081-exec-6] w.p.s.p.SixTargetMarketingSlide          :  cell data want36to45
2026-04-14T20:37:09.170-04:00  INFO 56645 --- [web] [http-nio-8081-exec-6] w.p.s.p.SixTargetMarketingSlide          : raw Text want36to45
2026-04-14T20:37:09.170-04:00  INFO 56645 --- [web] [http-nio-8081-exec-6] w.p.s.p.SixTargetMarketingSlide          :  cell data want46to55
2026-04-14T20:37:09.170-04:00  INFO 56645 --- [web] [http-nio-8081-exec-6] w.p.s.p.SixTargetMarketingSlide          : raw Text want46to55
2026-04-14T20:37:09.170-04:00  INFO 56645 --- [web] [http-nio-8081-exec-6] w.p.s.p.SixTargetMarketingSlide          :  cell data want55Plus
2026-04-14T20:37:09.170-04:00  INFO 56645 --- [web] [http-nio-8081-exec-6] w.p.s.p.SixTargetMarketingSlide          : raw Text want55Plus
2026-04-26T16:56:07.612-04:00  INFO 27657 --- [web] [http-nio-8081-exec-7] w.p.s.p.SixTargetMarketingSlide          :  cell data 
2026-04-26T16:56:07.627-04:00  INFO 27657 --- [web] [http-nio-8081-exec-7] w.p.s.p.SixTargetMarketingSlide          :  cell data 
2026-04-26T16:56:07.628-04:00  INFO 27657 --- [web] [http-nio-8081-exec-7] w.p.s.p.SixTargetMarketingSlide          :  cell data Target 85%
2026-04-26T16:56:07.628-04:00  INFO 27657 --- [web] [http-nio-8081-exec-7] w.p.s.p.SixTargetMarketingSlide          : raw Text Target 85%
2026-04-26T16:56:07.628-04:00  INFO 27657 --- [web] [http-nio-8081-exec-7] w.p.s.p.SixTargetMarketingSlide          :  cell data 
2026-04-26T16:56:07.628-04:00  INFO 27657 --- [web] [http-nio-8081-exec-7] w.p.s.p.SixTargetMarketingSlide          :  cell data 
2026-04-26T16:56:07.629-04:00  INFO 27657 --- [web] [http-nio-8081-exec-7] w.p.s.p.SixTargetMarketingSlide          :  cell data 
2026-04-26T16:56:07.630-04:00  INFO 27657 --- [web] [http-nio-8081-exec-7] w.p.s.p.SixTargetMarketingSlide          :  cell data 12-18
2026-04-26T16:56:07.630-04:00  INFO 27657 --- [web] [http-nio-8081-exec-7] w.p.s.p.SixTargetMarketingSlide          : raw Text 12-18
2026-04-26T16:56:07.631-04:00  INFO 27657 --- [web] [http-nio-8081-exec-7] w.p.s.p.SixTargetMarketingSlide          :  cell data 19-25
2026-04-26T16:56:07.632-04:00  INFO 27657 --- [web] [http-nio-8081-exec-7] w.p.s.p.SixTargetMarketingSlide          : raw Text 19-25
2026-04-26T16:56:07.632-04:00  INFO 27657 --- [web] [http-nio-8081-exec-7] w.p.s.p.SixTargetMarketingSlide          :  cell data 26-35
2026-04-26T16:56:07.632-04:00  INFO 27657 --- [web] [http-nio-8081-exec-7] w.p.s.p.SixTargetMarketingSlide          : raw Text 26-35
2026-04-26T16:56:07.633-04:00  INFO 27657 --- [web] [http-nio-8081-exec-7] w.p.s.p.SixTargetMarketingSlide          :  cell data 36-45
2026-04-26T16:56:07.633-04:00  INFO 27657 --- [web] [http-nio-8081-exec-7] w.p.s.p.SixTargetMarketingSlide          : raw Text 36-45
2026-04-26T16:56:07.633-04:00  INFO 27657 --- [web] [http-nio-8081-exec-7] w.p.s.p.SixTargetMarketingSlide          :  cell data 46-55
2026-04-26T16:56:07.634-04:00  INFO 27657 --- [web] [http-nio-8081-exec-7] w.p.s.p.SixTargetMarketingSlide          : raw Text 46-55
2026-04-26T16:56:07.634-04:00  INFO 27657 --- [web] [http-nio-8081-exec-7] w.p.s.p.SixTargetMarketingSlide          :  cell data 56+
2026-04-26T16:56:07.634-04:00  INFO 27657 --- [web] [http-nio-8081-exec-7] w.p.s.p.SixTargetMarketingSlide          : raw Text 56+
2026-04-26T16:56:07.634-04:00  INFO 27657 --- [web] [http-nio-8081-exec-7] w.p.s.p.SixTargetMarketingSlide          :  cell data have12to18
2026-04-26T16:56:07.634-04:00  INFO 27657 --- [web] [http-nio-8081-exec-7] w.p.s.p.SixTargetMarketingSlide          : raw Text have12to18
2026-04-26T16:56:07.634-04:00  INFO 27657 --- [web] [http-nio-8081-exec-7] w.p.s.p.SixTargetMarketingSlide          :  cell data have19to25
2026-04-26T16:56:07.635-04:00  INFO 27657 --- [web] [http-nio-8081-exec-7] w.p.s.p.SixTargetMarketingSlide          : raw Text have19to25
2026-04-26T16:56:07.635-04:00  INFO 27657 --- [web] [http-nio-8081-exec-7] w.p.s.p.SixTargetMarketingSlide          :  cell data have26to35
2026-04-26T16:56:07.635-04:00  INFO 27657 --- [web] [http-nio-8081-exec-7] w.p.s.p.SixTargetMarketingSlide          : raw Text have26to35
2026-04-26T16:56:07.635-04:00  INFO 27657 --- [web] [http-nio-8081-exec-7] w.p.s.p.SixTargetMarketingSlide          :  cell data have36to45
2026-04-26T16:56:07.635-04:00  INFO 27657 --- [web] [http-nio-8081-exec-7] w.p.s.p.SixTargetMarketingSlide          : raw Text have36to45
2026-04-26T16:56:07.636-04:00  INFO 27657 --- [web] [http-nio-8081-exec-7] w.p.s.p.SixTargetMarketingSlide          :  cell data have46to55
2026-04-26T16:56:07.636-04:00  INFO 27657 --- [web] [http-nio-8081-exec-7] w.p.s.p.SixTargetMarketingSlide          : raw Text have46to55
2026-04-26T16:56:07.636-04:00  INFO 27657 --- [web] [http-nio-8081-exec-7] w.p.s.p.SixTargetMarketingSlide          :  cell data have56Plus
2026-04-26T16:56:07.637-04:00  INFO 27657 --- [web] [http-nio-8081-exec-7] w.p.s.p.SixTargetMarketingSlide          : raw Text have56Plus
2026-04-26T16:56:07.637-04:00  INFO 27657 --- [web] [http-nio-8081-exec-7] w.p.s.p.SixTargetMarketingSlide          :  cell data want19to25
2026-04-26T16:56:07.638-04:00  INFO 27657 --- [web] [http-nio-8081-exec-7] w.p.s.p.SixTargetMarketingSlide          : raw Text want19to25
2026-04-26T16:56:07.638-04:00  INFO 27657 --- [web] [http-nio-8081-exec-7] w.p.s.p.SixTargetMarketingSlide          :  cell data want19to25
2026-04-26T16:56:07.639-04:00  INFO 27657 --- [web] [http-nio-8081-exec-7] w.p.s.p.SixTargetMarketingSlide          : raw Text want19to25
2026-04-26T16:56:07.640-04:00  INFO 27657 --- [web] [http-nio-8081-exec-7] w.p.s.p.SixTargetMarketingSlide          :  cell data want26to35
2026-04-26T16:56:07.640-04:00  INFO 27657 --- [web] [http-nio-8081-exec-7] w.p.s.p.SixTargetMarketingSlide          : raw Text want26to35
2026-04-26T16:56:07.640-04:00  INFO 27657 --- [web] [http-nio-8081-exec-7] w.p.s.p.SixTargetMarketingSlide          :  cell data want36to45
2026-04-26T16:56:07.641-04:00  INFO 27657 --- [web] [http-nio-8081-exec-7] w.p.s.p.SixTargetMarketingSlide          : raw Text want36to45
2026-04-26T16:56:07.641-04:00  INFO 27657 --- [web] [http-nio-8081-exec-7] w.p.s.p.SixTargetMarketingSlide          :  cell data want46to55
2026-04-26T16:56:07.641-04:00  INFO 27657 --- [web] [http-nio-8081-exec-7] w.p.s.p.SixTargetMarketingSlide          : raw Text want46to55
2026-04-26T16:56:07.641-04:00  INFO 27657 --- [web] [http-nio-8081-exec-7] w.p.s.p.SixTargetMarketingSlide          :  cell data want55Plus
2026-04-26T16:56:07.642-04:00  INFO 27657 --- [web] [http-nio-8081-exec-7] w.p.s.p.SixTargetMarketingSlide          : raw Text want55Plus
2026-04-26T17:04:19.972-04:00  INFO 27847 --- [web] [http-nio-8081-exec-5] w.p.s.p.SixTargetMarketingSlide          :  cell data 
2026-04-26T17:04:19.991-04:00  INFO 27847 --- [web] [http-nio-8081-exec-5] w.p.s.p.SixTargetMarketingSlide          :  cell data 
2026-04-26T17:04:19.992-04:00  INFO 27847 --- [web] [http-nio-8081-exec-5] w.p.s.p.SixTargetMarketingSlide          :  cell data Target 85%
2026-04-26T17:04:19.993-04:00  INFO 27847 --- [web] [http-nio-8081-exec-5] w.p.s.p.SixTargetMarketingSlide          : raw Text Target 85%
2026-04-26T17:04:19.993-04:00  INFO 27847 --- [web] [http-nio-8081-exec-5] w.p.s.p.SixTargetMarketingSlide          :  cell data 
2026-04-26T17:04:19.993-04:00  INFO 27847 --- [web] [http-nio-8081-exec-5] w.p.s.p.SixTargetMarketingSlide          :  cell data 
2026-04-26T17:04:19.994-04:00  INFO 27847 --- [web] [http-nio-8081-exec-5] w.p.s.p.SixTargetMarketingSlide          :  cell data 
2026-04-26T17:04:19.995-04:00  INFO 27847 --- [web] [http-nio-8081-exec-5] w.p.s.p.SixTargetMarketingSlide          :  cell data 12-18
2026-04-26T17:04:19.995-04:00  INFO 27847 --- [web] [http-nio-8081-exec-5] w.p.s.p.SixTargetMarketingSlide          : raw Text 12-18
2026-04-26T17:04:19.996-04:00  INFO 27847 --- [web] [http-nio-8081-exec-5] w.p.s.p.SixTargetMarketingSlide          :  cell data 19-25
2026-04-26T17:04:19.996-04:00  INFO 27847 --- [web] [http-nio-8081-exec-5] w.p.s.p.SixTargetMarketingSlide          : raw Text 19-25
2026-04-26T17:04:19.996-04:00  INFO 27847 --- [web] [http-nio-8081-exec-5] w.p.s.p.SixTargetMarketingSlide          :  cell data 26-35
2026-04-26T17:04:19.997-04:00  INFO 27847 --- [web] [http-nio-8081-exec-5] w.p.s.p.SixTargetMarketingSlide          : raw Text 26-35
2026-04-26T17:04:19.997-04:00  INFO 27847 --- [web] [http-nio-8081-exec-5] w.p.s.p.SixTargetMarketingSlide          :  cell data 36-45
2026-04-26T17:04:19.998-04:00  INFO 27847 --- [web] [http-nio-8081-exec-5] w.p.s.p.SixTargetMarketingSlide          : raw Text 36-45
2026-04-26T17:04:19.998-04:00  INFO 27847 --- [web] [http-nio-8081-exec-5] w.p.s.p.SixTargetMarketingSlide          :  cell data 46-55
2026-04-26T17:04:19.998-04:00  INFO 27847 --- [web] [http-nio-8081-exec-5] w.p.s.p.SixTargetMarketingSlide          : raw Text 46-55
2026-04-26T17:04:19.998-04:00  INFO 27847 --- [web] [http-nio-8081-exec-5] w.p.s.p.SixTargetMarketingSlide          :  cell data 56+
2026-04-26T17:04:19.999-04:00  INFO 27847 --- [web] [http-nio-8081-exec-5] w.p.s.p.SixTargetMarketingSlide          : raw Text 56+
2026-04-26T17:04:19.999-04:00  INFO 27847 --- [web] [http-nio-8081-exec-5] w.p.s.p.SixTargetMarketingSlide          :  cell data have12to18
2026-04-26T17:04:20.000-04:00  INFO 27847 --- [web] [http-nio-8081-exec-5] w.p.s.p.SixTargetMarketingSlide          : raw Text have12to18
2026-04-26T17:04:20.000-04:00  INFO 27847 --- [web] [http-nio-8081-exec-5] w.p.s.p.SixTargetMarketingSlide          :  cell data have19to25
2026-04-26T17:04:20.000-04:00  INFO 27847 --- [web] [http-nio-8081-exec-5] w.p.s.p.SixTargetMarketingSlide          : raw Text have19to25
2026-04-26T17:04:20.000-04:00  INFO 27847 --- [web] [http-nio-8081-exec-5] w.p.s.p.SixTargetMarketingSlide          :  cell data have26to35
2026-04-26T17:04:20.000-04:00  INFO 27847 --- [web] [http-nio-8081-exec-5] w.p.s.p.SixTargetMarketingSlide          : raw Text have26to35
2026-04-26T17:04:20.000-04:00  INFO 27847 --- [web] [http-nio-8081-exec-5] w.p.s.p.SixTargetMarketingSlide          :  cell data have36to45
2026-04-26T17:04:20.000-04:00  INFO 27847 --- [web] [http-nio-8081-exec-5] w.p.s.p.SixTargetMarketingSlide          : raw Text have36to45
2026-04-26T17:04:20.001-04:00  INFO 27847 --- [web] [http-nio-8081-exec-5] w.p.s.p.SixTargetMarketingSlide          :  cell data have46to55
2026-04-26T17:04:20.001-04:00  INFO 27847 --- [web] [http-nio-8081-exec-5] w.p.s.p.SixTargetMarketingSlide          : raw Text have46to55
2026-04-26T17:04:20.001-04:00  INFO 27847 --- [web] [http-nio-8081-exec-5] w.p.s.p.SixTargetMarketingSlide          :  cell data have56Plus
2026-04-26T17:04:20.002-04:00  INFO 27847 --- [web] [http-nio-8081-exec-5] w.p.s.p.SixTargetMarketingSlide          : raw Text have56Plus
2026-04-26T17:04:20.002-04:00  INFO 27847 --- [web] [http-nio-8081-exec-5] w.p.s.p.SixTargetMarketingSlide          :  cell data want19to25
2026-04-26T17:04:20.002-04:00  INFO 27847 --- [web] [http-nio-8081-exec-5] w.p.s.p.SixTargetMarketingSlide          : raw Text want19to25
2026-04-26T17:04:20.002-04:00  INFO 27847 --- [web] [http-nio-8081-exec-5] w.p.s.p.SixTargetMarketingSlide          :  cell data want19to25
2026-04-26T17:04:20.002-04:00  INFO 27847 --- [web] [http-nio-8081-exec-5] w.p.s.p.SixTargetMarketingSlide          : raw Text want19to25
2026-04-26T17:04:20.003-04:00  INFO 27847 --- [web] [http-nio-8081-exec-5] w.p.s.p.SixTargetMarketingSlide          :  cell data want26to35
2026-04-26T17:04:20.003-04:00  INFO 27847 --- [web] [http-nio-8081-exec-5] w.p.s.p.SixTargetMarketingSlide          : raw Text want26to35
2026-04-26T17:04:20.003-04:00  INFO 27847 --- [web] [http-nio-8081-exec-5] w.p.s.p.SixTargetMarketingSlide          :  cell data want36to45
2026-04-26T17:04:20.003-04:00  INFO 27847 --- [web] [http-nio-8081-exec-5] w.p.s.p.SixTargetMarketingSlide          : raw Text want36to45
2026-04-26T17:04:20.003-04:00  INFO 27847 --- [web] [http-nio-8081-exec-5] w.p.s.p.SixTargetMarketingSlide          :  cell data want46to55
2026-04-26T17:04:20.003-04:00  INFO 27847 --- [web] [http-nio-8081-exec-5] w.p.s.p.SixTargetMarketingSlide          : raw Text want46to55
2026-04-26T17:04:20.003-04:00  INFO 27847 --- [web] [http-nio-8081-exec-5] w.p.s.p.SixTargetMarketingSlide          :  cell data want55Plus
2026-04-26T17:04:20.004-04:00  INFO 27847 --- [web] [http-nio-8081-exec-5] w.p.s.p.SixTargetMarketingSlide          : raw Text want55Plus
2026-04-26T17:06:13.647-04:00  INFO 27997 --- [web] [http-nio-8081-exec-6] w.p.s.p.SixTargetMarketingSlide          :  cell data 
2026-04-26T17:06:13.660-04:00  INFO 27997 --- [web] [http-nio-8081-exec-6] w.p.s.p.SixTargetMarketingSlide          :  cell data 
2026-04-26T17:06:13.661-04:00  INFO 27997 --- [web] [http-nio-8081-exec-6] w.p.s.p.SixTargetMarketingSlide          :  cell data Target 85%
2026-04-26T17:06:13.662-04:00  INFO 27997 --- [web] [http-nio-8081-exec-6] w.p.s.p.SixTargetMarketingSlide          : raw Text Target 85%
2026-04-26T17:06:13.662-04:00  INFO 27997 --- [web] [http-nio-8081-exec-6] w.p.s.p.SixTargetMarketingSlide          :  cell data 
2026-04-26T17:06:13.662-04:00  INFO 27997 --- [web] [http-nio-8081-exec-6] w.p.s.p.SixTargetMarketingSlide          :  cell data 
2026-04-26T17:06:13.663-04:00  INFO 27997 --- [web] [http-nio-8081-exec-6] w.p.s.p.SixTargetMarketingSlide          :  cell data 
2026-04-26T17:06:13.663-04:00  INFO 27997 --- [web] [http-nio-8081-exec-6] w.p.s.p.SixTargetMarketingSlide          :  cell data 12-18
2026-04-26T17:06:13.663-04:00  INFO 27997 --- [web] [http-nio-8081-exec-6] w.p.s.p.SixTargetMarketingSlide          : raw Text 12-18
2026-04-26T17:06:13.663-04:00  INFO 27997 --- [web] [http-nio-8081-exec-6] w.p.s.p.SixTargetMarketingSlide          :  cell data 19-25
2026-04-26T17:06:13.663-04:00  INFO 27997 --- [web] [http-nio-8081-exec-6] w.p.s.p.SixTargetMarketingSlide          : raw Text 19-25
2026-04-26T17:06:13.664-04:00  INFO 27997 --- [web] [http-nio-8081-exec-6] w.p.s.p.SixTargetMarketingSlide          :  cell data 26-35
2026-04-26T17:06:13.664-04:00  INFO 27997 --- [web] [http-nio-8081-exec-6] w.p.s.p.SixTargetMarketingSlide          : raw Text 26-35
2026-04-26T17:06:13.665-04:00  INFO 27997 --- [web] [http-nio-8081-exec-6] w.p.s.p.SixTargetMarketingSlide          :  cell data 36-45
2026-04-26T17:06:13.665-04:00  INFO 27997 --- [web] [http-nio-8081-exec-6] w.p.s.p.SixTargetMarketingSlide          : raw Text 36-45
2026-04-26T17:06:13.665-04:00  INFO 27997 --- [web] [http-nio-8081-exec-6] w.p.s.p.SixTargetMarketingSlide          :  cell data 46-55
2026-04-26T17:06:13.665-04:00  INFO 27997 --- [web] [http-nio-8081-exec-6] w.p.s.p.SixTargetMarketingSlide          : raw Text 46-55
2026-04-26T17:06:13.665-04:00  INFO 27997 --- [web] [http-nio-8081-exec-6] w.p.s.p.SixTargetMarketingSlide          :  cell data 56+
2026-04-26T17:06:13.666-04:00  INFO 27997 --- [web] [http-nio-8081-exec-6] w.p.s.p.SixTargetMarketingSlide          : raw Text 56+
2026-04-26T17:06:13.666-04:00  INFO 27997 --- [web] [http-nio-8081-exec-6] w.p.s.p.SixTargetMarketingSlide          :  cell data have12to18
2026-04-26T17:06:13.666-04:00  INFO 27997 --- [web] [http-nio-8081-exec-6] w.p.s.p.SixTargetMarketingSlide          : raw Text have12to18
2026-04-26T17:06:13.666-04:00  INFO 27997 --- [web] [http-nio-8081-exec-6] w.p.s.p.SixTargetMarketingSlide          :  cell data have19to25
2026-04-26T17:06:13.667-04:00  INFO 27997 --- [web] [http-nio-8081-exec-6] w.p.s.p.SixTargetMarketingSlide          : raw Text have19to25
2026-04-26T17:06:13.667-04:00  INFO 27997 --- [web] [http-nio-8081-exec-6] w.p.s.p.SixTargetMarketingSlide          :  cell data have26to35
2026-04-26T17:06:13.667-04:00  INFO 27997 --- [web] [http-nio-8081-exec-6] w.p.s.p.SixTargetMarketingSlide          : raw Text have26to35
2026-04-26T17:06:13.667-04:00  INFO 27997 --- [web] [http-nio-8081-exec-6] w.p.s.p.SixTargetMarketingSlide          :  cell data have36to45
2026-04-26T17:06:13.668-04:00  INFO 27997 --- [web] [http-nio-8081-exec-6] w.p.s.p.SixTargetMarketingSlide          : raw Text have36to45
2026-04-26T17:06:13.668-04:00  INFO 27997 --- [web] [http-nio-8081-exec-6] w.p.s.p.SixTargetMarketingSlide          :  cell data have46to55
2026-04-26T17:06:13.668-04:00  INFO 27997 --- [web] [http-nio-8081-exec-6] w.p.s.p.SixTargetMarketingSlide          : raw Text have46to55
2026-04-26T17:06:13.668-04:00  INFO 27997 --- [web] [http-nio-8081-exec-6] w.p.s.p.SixTargetMarketingSlide          :  cell data have56Plus
2026-04-26T17:06:13.668-04:00  INFO 27997 --- [web] [http-nio-8081-exec-6] w.p.s.p.SixTargetMarketingSlide          : raw Text have56Plus
2026-04-26T17:06:13.668-04:00  INFO 27997 --- [web] [http-nio-8081-exec-6] w.p.s.p.SixTargetMarketingSlide          :  cell data want19to25
2026-04-26T17:06:13.668-04:00  INFO 27997 --- [web] [http-nio-8081-exec-6] w.p.s.p.SixTargetMarketingSlide          : raw Text want19to25
2026-04-26T17:06:13.669-04:00  INFO 27997 --- [web] [http-nio-8081-exec-6] w.p.s.p.SixTargetMarketingSlide          :  cell data want19to25
2026-04-26T17:06:13.669-04:00  INFO 27997 --- [web] [http-nio-8081-exec-6] w.p.s.p.SixTargetMarketingSlide          : raw Text want19to25
2026-04-26T17:06:13.670-04:00  INFO 27997 --- [web] [http-nio-8081-exec-6] w.p.s.p.SixTargetMarketingSlide          :  cell data want26to35
2026-04-26T17:06:13.670-04:00  INFO 27997 --- [web] [http-nio-8081-exec-6] w.p.s.p.SixTargetMarketingSlide          : raw Text want26to35
2026-04-26T17:06:13.670-04:00  INFO 27997 --- [web] [http-nio-8081-exec-6] w.p.s.p.SixTargetMarketingSlide          :  cell data want36to45
2026-04-26T17:06:13.670-04:00  INFO 27997 --- [web] [http-nio-8081-exec-6] w.p.s.p.SixTargetMarketingSlide          : raw Text want36to45
2026-04-26T17:06:13.670-04:00  INFO 27997 --- [web] [http-nio-8081-exec-6] w.p.s.p.SixTargetMarketingSlide          :  cell data want46to55
2026-04-26T17:06:13.670-04:00  INFO 27997 --- [web] [http-nio-8081-exec-6] w.p.s.p.SixTargetMarketingSlide          : raw Text want46to55
2026-04-26T17:06:13.670-04:00  INFO 27997 --- [web] [http-nio-8081-exec-6] w.p.s.p.SixTargetMarketingSlide          :  cell data want55Plus
2026-04-26T17:06:13.672-04:00  INFO 27997 --- [web] [http-nio-8081-exec-6] w.p.s.p.SixTargetMarketingSlide          : raw Text want55Plus
2026-04-26T17:12:03.511-04:00  INFO 28085 --- [web] [http-nio-8081-exec-8] w.p.s.p.SixTargetMarketingSlide          :  cell data 
2026-04-26T17:12:03.523-04:00  INFO 28085 --- [web] [http-nio-8081-exec-8] w.p.s.p.SixTargetMarketingSlide          :  cell data 
2026-04-26T17:12:03.525-04:00  INFO 28085 --- [web] [http-nio-8081-exec-8] w.p.s.p.SixTargetMarketingSlide          :  cell data Target 85%
2026-04-26T17:12:03.526-04:00  INFO 28085 --- [web] [http-nio-8081-exec-8] w.p.s.p.SixTargetMarketingSlide          : raw Text Target 85%
2026-04-26T17:12:03.526-04:00  INFO 28085 --- [web] [http-nio-8081-exec-8] w.p.s.p.SixTargetMarketingSlide          :  cell data 
2026-04-26T17:12:03.526-04:00  INFO 28085 --- [web] [http-nio-8081-exec-8] w.p.s.p.SixTargetMarketingSlide          :  cell data 
2026-04-26T17:12:03.527-04:00  INFO 28085 --- [web] [http-nio-8081-exec-8] w.p.s.p.SixTargetMarketingSlide          :  cell data 
2026-04-26T17:12:03.527-04:00  INFO 28085 --- [web] [http-nio-8081-exec-8] w.p.s.p.SixTargetMarketingSlide          :  cell data 12-18
2026-04-26T17:12:03.528-04:00  INFO 28085 --- [web] [http-nio-8081-exec-8] w.p.s.p.SixTargetMarketingSlide          : raw Text 12-18
2026-04-26T17:12:03.528-04:00  INFO 28085 --- [web] [http-nio-8081-exec-8] w.p.s.p.SixTargetMarketingSlide          :  cell data 19-25
2026-04-26T17:12:03.529-04:00  INFO 28085 --- [web] [http-nio-8081-exec-8] w.p.s.p.SixTargetMarketingSlide          : raw Text 19-25
2026-04-26T17:12:03.529-04:00  INFO 28085 --- [web] [http-nio-8081-exec-8] w.p.s.p.SixTargetMarketingSlide          :  cell data 26-35
2026-04-26T17:12:03.529-04:00  INFO 28085 --- [web] [http-nio-8081-exec-8] w.p.s.p.SixTargetMarketingSlide          : raw Text 26-35
2026-04-26T17:12:03.530-04:00  INFO 28085 --- [web] [http-nio-8081-exec-8] w.p.s.p.SixTargetMarketingSlide          :  cell data 36-45
2026-04-26T17:12:03.530-04:00  INFO 28085 --- [web] [http-nio-8081-exec-8] w.p.s.p.SixTargetMarketingSlide          : raw Text 36-45
2026-04-26T17:12:03.530-04:00  INFO 28085 --- [web] [http-nio-8081-exec-8] w.p.s.p.SixTargetMarketingSlide          :  cell data 46-55
2026-04-26T17:12:03.531-04:00  INFO 28085 --- [web] [http-nio-8081-exec-8] w.p.s.p.SixTargetMarketingSlide          : raw Text 46-55
2026-04-26T17:12:03.531-04:00  INFO 28085 --- [web] [http-nio-8081-exec-8] w.p.s.p.SixTargetMarketingSlide          :  cell data 56+
2026-04-26T17:12:03.531-04:00  INFO 28085 --- [web] [http-nio-8081-exec-8] w.p.s.p.SixTargetMarketingSlide          : raw Text 56+
2026-04-26T17:12:03.531-04:00  INFO 28085 --- [web] [http-nio-8081-exec-8] w.p.s.p.SixTargetMarketingSlide          :  cell data have12to18
2026-04-26T17:12:03.533-04:00  INFO 28085 --- [web] [http-nio-8081-exec-8] w.p.s.p.SixTargetMarketingSlide          : raw Text have12to18
2026-04-26T17:12:03.533-04:00  INFO 28085 --- [web] [http-nio-8081-exec-8] w.p.s.p.SixTargetMarketingSlide          :  cell data have19to25
2026-04-26T17:12:03.533-04:00  INFO 28085 --- [web] [http-nio-8081-exec-8] w.p.s.p.SixTargetMarketingSlide          : raw Text have19to25
2026-04-26T17:12:03.534-04:00  INFO 28085 --- [web] [http-nio-8081-exec-8] w.p.s.p.SixTargetMarketingSlide          :  cell data have26to35
2026-04-26T17:12:03.534-04:00  INFO 28085 --- [web] [http-nio-8081-exec-8] w.p.s.p.SixTargetMarketingSlide          : raw Text have26to35
2026-04-26T17:12:03.534-04:00  INFO 28085 --- [web] [http-nio-8081-exec-8] w.p.s.p.SixTargetMarketingSlide          :  cell data have36to45
2026-04-26T17:12:03.534-04:00  INFO 28085 --- [web] [http-nio-8081-exec-8] w.p.s.p.SixTargetMarketingSlide          : raw Text have36to45
2026-04-26T17:12:03.535-04:00  INFO 28085 --- [web] [http-nio-8081-exec-8] w.p.s.p.SixTargetMarketingSlide          :  cell data have46to55
2026-04-26T17:12:03.535-04:00  INFO 28085 --- [web] [http-nio-8081-exec-8] w.p.s.p.SixTargetMarketingSlide          : raw Text have46to55
2026-04-26T17:12:03.535-04:00  INFO 28085 --- [web] [http-nio-8081-exec-8] w.p.s.p.SixTargetMarketingSlide          :  cell data have56Plus
2026-04-26T17:12:03.535-04:00  INFO 28085 --- [web] [http-nio-8081-exec-8] w.p.s.p.SixTargetMarketingSlide          : raw Text have56Plus
2026-04-26T17:12:03.536-04:00  INFO 28085 --- [web] [http-nio-8081-exec-8] w.p.s.p.SixTargetMarketingSlide          :  cell data want19to25
2026-04-26T17:12:03.536-04:00  INFO 28085 --- [web] [http-nio-8081-exec-8] w.p.s.p.SixTargetMarketingSlide          : raw Text want19to25
2026-04-26T17:12:03.536-04:00  INFO 28085 --- [web] [http-nio-8081-exec-8] w.p.s.p.SixTargetMarketingSlide          :  cell data want19to25
2026-04-26T17:12:03.536-04:00  INFO 28085 --- [web] [http-nio-8081-exec-8] w.p.s.p.SixTargetMarketingSlide          : raw Text want19to25
2026-04-26T17:12:03.537-04:00  INFO 28085 --- [web] [http-nio-8081-exec-8] w.p.s.p.SixTargetMarketingSlide          :  cell data want26to35
2026-04-26T17:12:03.537-04:00  INFO 28085 --- [web] [http-nio-8081-exec-8] w.p.s.p.SixTargetMarketingSlide          : raw Text want26to35
2026-04-26T17:12:03.537-04:00  INFO 28085 --- [web] [http-nio-8081-exec-8] w.p.s.p.SixTargetMarketingSlide          :  cell data want36to45
2026-04-26T17:12:03.537-04:00  INFO 28085 --- [web] [http-nio-8081-exec-8] w.p.s.p.SixTargetMarketingSlide          : raw Text want36to45
2026-04-26T17:12:03.537-04:00  INFO 28085 --- [web] [http-nio-8081-exec-8] w.p.s.p.SixTargetMarketingSlide          :  cell data want46to55
2026-04-26T17:12:03.537-04:00  INFO 28085 --- [web] [http-nio-8081-exec-8] w.p.s.p.SixTargetMarketingSlide          : raw Text want46to55
2026-04-26T17:12:03.537-04:00  INFO 28085 --- [web] [http-nio-8081-exec-8] w.p.s.p.SixTargetMarketingSlide          :  cell data want55Plus
2026-04-26T17:12:03.537-04:00  INFO 28085 --- [web] [http-nio-8081-exec-8] w.p.s.p.SixTargetMarketingSlide          : raw Text want55Plus
2026-04-26T17:52:33.202-04:00  INFO 29341 --- [web] [main] w.p.s.p.SixTargetMarketingSlide          :  cell data 
2026-04-26T17:52:33.216-04:00  INFO 29341 --- [web] [main] w.p.s.p.SixTargetMarketingSlide          :  cell data 
2026-04-26T17:52:33.217-04:00  INFO 29341 --- [web] [main] w.p.s.p.SixTargetMarketingSlide          :  cell data Target 85%
2026-04-26T17:52:33.218-04:00  INFO 29341 --- [web] [main] w.p.s.p.SixTargetMarketingSlide          : raw Text Target 85%
2026-04-26T17:52:33.219-04:00  INFO 29341 --- [web] [main] w.p.s.p.SixTargetMarketingSlide          :  cell data 
2026-04-26T17:52:33.219-04:00  INFO 29341 --- [web] [main] w.p.s.p.SixTargetMarketingSlide          :  cell data 
2026-04-26T17:52:33.220-04:00  INFO 29341 --- [web] [main] w.p.s.p.SixTargetMarketingSlide          :  cell data 
2026-04-26T17:52:33.220-04:00  INFO 29341 --- [web] [main] w.p.s.p.SixTargetMarketingSlide          :  cell data 12-18
2026-04-26T17:52:33.220-04:00  INFO 29341 --- [web] [main] w.p.s.p.SixTargetMarketingSlide          : raw Text 12-18
2026-04-26T17:52:33.221-04:00  INFO 29341 --- [web] [main] w.p.s.p.SixTargetMarketingSlide          :  cell data 19-25
2026-04-26T17:52:33.221-04:00  INFO 29341 --- [web] [main] w.p.s.p.SixTargetMarketingSlide          : raw Text 19-25
2026-04-26T17:52:33.222-04:00  INFO 29341 --- [web] [main] w.p.s.p.SixTargetMarketingSlide          :  cell data 26-35
2026-04-26T17:52:33.222-04:00  INFO 29341 --- [web] [main] w.p.s.p.SixTargetMarketingSlide          : raw Text 26-35
2026-04-26T17:52:33.222-04:00  INFO 29341 --- [web] [main] w.p.s.p.SixTargetMarketingSlide          :  cell data 36-45
2026-04-26T17:52:33.222-04:00  INFO 29341 --- [web] [main] w.p.s.p.SixTargetMarketingSlide          : raw Text 36-45
2026-04-26T17:52:33.223-04:00  INFO 29341 --- [web] [main] w.p.s.p.SixTargetMarketingSlide          :  cell data 46-55
2026-04-26T17:52:33.223-04:00  INFO 29341 --- [web] [main] w.p.s.p.SixTargetMarketingSlide          : raw Text 46-55
2026-04-26T17:52:33.224-04:00  INFO 29341 --- [web] [main] w.p.s.p.SixTargetMarketingSlide          :  cell data 56+
2026-04-26T17:52:33.224-04:00  INFO 29341 --- [web] [main] w.p.s.p.SixTargetMarketingSlide          : raw Text 56+
2026-04-26T17:52:33.224-04:00  INFO 29341 --- [web] [main] w.p.s.p.SixTargetMarketingSlide          :  cell data have12to18
2026-04-26T17:52:33.224-04:00  INFO 29341 --- [web] [main] w.p.s.p.SixTargetMarketingSlide          : raw Text have12to18
2026-04-26T17:52:33.225-04:00  INFO 29341 --- [web] [main] w.p.s.p.SixTargetMarketingSlide          :  cell data have19to25
2026-04-26T17:52:33.225-04:00  INFO 29341 --- [web] [main] w.p.s.p.SixTargetMarketingSlide          : raw Text have19to25
2026-04-26T17:52:33.225-04:00  INFO 29341 --- [web] [main] w.p.s.p.SixTargetMarketingSlide          :  cell data have26to35
2026-04-26T17:52:33.225-04:00  INFO 29341 --- [web] [main] w.p.s.p.SixTargetMarketingSlide          : raw Text have26to35
2026-04-26T17:52:33.225-04:00  INFO 29341 --- [web] [main] w.p.s.p.SixTargetMarketingSlide          :  cell data have36to45
2026-04-26T17:52:33.226-04:00  INFO 29341 --- [web] [main] w.p.s.p.SixTargetMarketingSlide          : raw Text have36to45
2026-04-26T17:52:33.226-04:00  INFO 29341 --- [web] [main] w.p.s.p.SixTargetMarketingSlide          :  cell data have46to55
2026-04-26T17:52:33.227-04:00  INFO 29341 --- [web] [main] w.p.s.p.SixTargetMarketingSlide          : raw Text have46to55
2026-04-26T17:52:33.227-04:00  INFO 29341 --- [web] [main] w.p.s.p.SixTargetMarketingSlide          :  cell data have56Plus
2026-04-26T17:52:33.227-04:00  INFO 29341 --- [web] [main] w.p.s.p.SixTargetMarketingSlide          : raw Text have56Plus
2026-04-26T17:52:33.227-04:00  INFO 29341 --- [web] [main] w.p.s.p.SixTargetMarketingSlide          :  cell data want19to25
2026-04-26T17:52:33.228-04:00  INFO 29341 --- [web] [main] w.p.s.p.SixTargetMarketingSlide          : raw Text want19to25
2026-04-26T17:52:33.228-04:00  INFO 29341 --- [web] [main] w.p.s.p.SixTargetMarketingSlide          :  cell data want19to25
2026-04-26T17:52:33.228-04:00  INFO 29341 --- [web] [main] w.p.s.p.SixTargetMarketingSlide          : raw Text want19to25
2026-04-26T17:52:33.229-04:00  INFO 29341 --- [web] [main] w.p.s.p.SixTargetMarketingSlide          :  cell data want26to35
2026-04-26T17:52:33.229-04:00  INFO 29341 --- [web] [main] w.p.s.p.SixTargetMarketingSlide          : raw Text want26to35
2026-04-26T17:52:33.229-04:00  INFO 29341 --- [web] [main] w.p.s.p.SixTargetMarketingSlide          :  cell data want36to45
2026-04-26T17:52:33.229-04:00  INFO 29341 --- [web] [main] w.p.s.p.SixTargetMarketingSlide          : raw Text want36to45
2026-04-26T17:52:33.230-04:00  INFO 29341 --- [web] [main] w.p.s.p.SixTargetMarketingSlide          :  cell data want46to55
2026-04-26T17:52:33.230-04:00  INFO 29341 --- [web] [main] w.p.s.p.SixTargetMarketingSlide          : raw Text want46to55
2026-04-26T17:52:33.230-04:00  INFO 29341 --- [web] [main] w.p.s.p.SixTargetMarketingSlide          :  cell data want55Plus
2026-04-26T17:52:33.230-04:00  INFO 29341 --- [web] [main] w.p.s.p.SixTargetMarketingSlide          : raw Text want55Plus
2026-04-26T18:42:58.649-04:00  INFO 30001 --- [web] [http-nio-8081-exec-9] w.p.s.p.SixTargetMarketingSlide          :  cell data 
2026-04-26T18:42:58.663-04:00  INFO 30001 --- [web] [http-nio-8081-exec-9] w.p.s.p.SixTargetMarketingSlide          :  cell data 
2026-04-26T18:42:58.664-04:00  INFO 30001 --- [web] [http-nio-8081-exec-9] w.p.s.p.SixTargetMarketingSlide          :  cell data Target 85%
2026-04-26T18:42:58.665-04:00  INFO 30001 --- [web] [http-nio-8081-exec-9] w.p.s.p.SixTargetMarketingSlide          : raw Text Target 85%
2026-04-26T18:42:58.665-04:00  INFO 30001 --- [web] [http-nio-8081-exec-9] w.p.s.p.SixTargetMarketingSlide          :  cell data 
2026-04-26T18:42:58.665-04:00  INFO 30001 --- [web] [http-nio-8081-exec-9] w.p.s.p.SixTargetMarketingSlide          :  cell data 
2026-04-26T18:42:58.665-04:00  INFO 30001 --- [web] [http-nio-8081-exec-9] w.p.s.p.SixTargetMarketingSlide          :  cell data 
2026-04-26T18:42:58.666-04:00  INFO 30001 --- [web] [http-nio-8081-exec-9] w.p.s.p.SixTargetMarketingSlide          :  cell data 12-18
2026-04-26T18:42:58.667-04:00  INFO 30001 --- [web] [http-nio-8081-exec-9] w.p.s.p.SixTargetMarketingSlide          : raw Text 12-18
2026-04-26T18:42:58.668-04:00  INFO 30001 --- [web] [http-nio-8081-exec-9] w.p.s.p.SixTargetMarketingSlide          :  cell data 19-25
2026-04-26T18:42:58.669-04:00  INFO 30001 --- [web] [http-nio-8081-exec-9] w.p.s.p.SixTargetMarketingSlide          : raw Text 19-25
2026-04-26T18:42:58.669-04:00  INFO 30001 --- [web] [http-nio-8081-exec-9] w.p.s.p.SixTargetMarketingSlide          :  cell data 26-35
2026-04-26T18:42:58.669-04:00  INFO 30001 --- [web] [http-nio-8081-exec-9] w.p.s.p.SixTargetMarketingSlide          : raw Text 26-35
2026-04-26T18:42:58.669-04:00  INFO 30001 --- [web] [http-nio-8081-exec-9] w.p.s.p.SixTargetMarketingSlide          :  cell data 36-45
2026-04-26T18:42:58.670-04:00  INFO 30001 --- [web] [http-nio-8081-exec-9] w.p.s.p.SixTargetMarketingSlide          : raw Text 36-45
2026-04-26T18:42:58.670-04:00  INFO 30001 --- [web] [http-nio-8081-exec-9] w.p.s.p.SixTargetMarketingSlide          :  cell data 46-55
2026-04-26T18:42:58.670-04:00  INFO 30001 --- [web] [http-nio-8081-exec-9] w.p.s.p.SixTargetMarketingSlide          : raw Text 46-55
2026-04-26T18:42:58.671-04:00  INFO 30001 --- [web] [http-nio-8081-exec-9] w.p.s.p.SixTargetMarketingSlide          :  cell data 56+
2026-04-26T18:42:58.671-04:00  INFO 30001 --- [web] [http-nio-8081-exec-9] w.p.s.p.SixTargetMarketingSlide          : raw Text 56+
2026-04-26T18:42:58.671-04:00  INFO 30001 --- [web] [http-nio-8081-exec-9] w.p.s.p.SixTargetMarketingSlide          :  cell data have12to18
2026-04-26T18:42:58.671-04:00  INFO 30001 --- [web] [http-nio-8081-exec-9] w.p.s.p.SixTargetMarketingSlide          : raw Text have12to18
2026-04-26T18:42:58.672-04:00  INFO 30001 --- [web] [http-nio-8081-exec-9] w.p.s.p.SixTargetMarketingSlide          :  cell data have19to25
2026-04-26T18:42:58.672-04:00  INFO 30001 --- [web] [http-nio-8081-exec-9] w.p.s.p.SixTargetMarketingSlide          : raw Text have19to25
2026-04-26T18:42:58.673-04:00  INFO 30001 --- [web] [http-nio-8081-exec-9] w.p.s.p.SixTargetMarketingSlide          :  cell data have26to35
2026-04-26T18:42:58.673-04:00  INFO 30001 --- [web] [http-nio-8081-exec-9] w.p.s.p.SixTargetMarketingSlide          : raw Text have26to35
2026-04-26T18:42:58.673-04:00  INFO 30001 --- [web] [http-nio-8081-exec-9] w.p.s.p.SixTargetMarketingSlide          :  cell data have36to45
2026-04-26T18:42:58.673-04:00  INFO 30001 --- [web] [http-nio-8081-exec-9] w.p.s.p.SixTargetMarketingSlide          : raw Text have36to45
2026-04-26T18:42:58.673-04:00  INFO 30001 --- [web] [http-nio-8081-exec-9] w.p.s.p.SixTargetMarketingSlide          :  cell data have46to55
2026-04-26T18:42:58.673-04:00  INFO 30001 --- [web] [http-nio-8081-exec-9] w.p.s.p.SixTargetMarketingSlide          : raw Text have46to55
2026-04-26T18:42:58.673-04:00  INFO 30001 --- [web] [http-nio-8081-exec-9] w.p.s.p.SixTargetMarketingSlide          :  cell data have56Plus
2026-04-26T18:42:58.673-04:00  INFO 30001 --- [web] [http-nio-8081-exec-9] w.p.s.p.SixTargetMarketingSlide          : raw Text have56Plus
2026-04-26T18:42:58.673-04:00  INFO 30001 --- [web] [http-nio-8081-exec-9] w.p.s.p.SixTargetMarketingSlide          :  cell data want19to25
2026-04-26T18:42:58.674-04:00  INFO 30001 --- [web] [http-nio-8081-exec-9] w.p.s.p.SixTargetMarketingSlide          : raw Text want19to25
2026-04-26T18:42:58.674-04:00  INFO 30001 --- [web] [http-nio-8081-exec-9] w.p.s.p.SixTargetMarketingSlide          :  cell data want19to25
2026-04-26T18:42:58.674-04:00  INFO 30001 --- [web] [http-nio-8081-exec-9] w.p.s.p.SixTargetMarketingSlide          : raw Text want19to25
2026-04-26T18:42:58.675-04:00  INFO 30001 --- [web] [http-nio-8081-exec-9] w.p.s.p.SixTargetMarketingSlide          :  cell data want26to35
2026-04-26T18:42:58.675-04:00  INFO 30001 --- [web] [http-nio-8081-exec-9] w.p.s.p.SixTargetMarketingSlide          : raw Text want26to35
2026-04-26T18:42:58.676-04:00  INFO 30001 --- [web] [http-nio-8081-exec-9] w.p.s.p.SixTargetMarketingSlide          :  cell data want36to45
2026-04-26T18:42:58.676-04:00  INFO 30001 --- [web] [http-nio-8081-exec-9] w.p.s.p.SixTargetMarketingSlide          : raw Text want36to45
2026-04-26T18:42:58.676-04:00  INFO 30001 --- [web] [http-nio-8081-exec-9] w.p.s.p.SixTargetMarketingSlide          :  cell data want46to55
2026-04-26T18:42:58.676-04:00  INFO 30001 --- [web] [http-nio-8081-exec-9] w.p.s.p.SixTargetMarketingSlide          : raw Text want46to55
2026-04-26T18:42:58.676-04:00  INFO 30001 --- [web] [http-nio-8081-exec-9] w.p.s.p.SixTargetMarketingSlide          :  cell data want55Plus
2026-04-26T18:42:58.676-04:00  INFO 30001 --- [web] [http-nio-8081-exec-9] w.p.s.p.SixTargetMarketingSlide          : raw Text want55Plus
2026-05-17T18:09:23.580-04:00  INFO 5269 --- [web] [http-nio-8081-exec-2] w.p.s.p.SixTargetMarketingSlide          :  cell data 
2026-05-17T18:09:23.596-04:00  INFO 5269 --- [web] [http-nio-8081-exec-2] w.p.s.p.SixTargetMarketingSlide          :  cell data 
2026-05-17T18:09:23.596-04:00  INFO 5269 --- [web] [http-nio-8081-exec-2] w.p.s.p.SixTargetMarketingSlide          :  cell data Target 85%
2026-05-17T18:09:23.597-04:00  INFO 5269 --- [web] [http-nio-8081-exec-2] w.p.s.p.SixTargetMarketingSlide          : raw Text Target 85%
2026-05-17T18:09:23.597-04:00  INFO 5269 --- [web] [http-nio-8081-exec-2] w.p.s.p.SixTargetMarketingSlide          :  cell data 
2026-05-17T18:09:23.597-04:00  INFO 5269 --- [web] [http-nio-8081-exec-2] w.p.s.p.SixTargetMarketingSlide          :  cell data 
2026-05-17T18:09:23.597-04:00  INFO 5269 --- [web] [http-nio-8081-exec-2] w.p.s.p.SixTargetMarketingSlide          :  cell data 
2026-05-17T18:09:23.598-04:00  INFO 5269 --- [web] [http-nio-8081-exec-2] w.p.s.p.SixTargetMarketingSlide          :  cell data 12-18
2026-05-17T18:09:23.598-04:00  INFO 5269 --- [web] [http-nio-8081-exec-2] w.p.s.p.SixTargetMarketingSlide          : raw Text 12-18
2026-05-17T18:09:23.599-04:00  INFO 5269 --- [web] [http-nio-8081-exec-2] w.p.s.p.SixTargetMarketingSlide          :  cell data 19-25
2026-05-17T18:09:23.599-04:00  INFO 5269 --- [web] [http-nio-8081-exec-2] w.p.s.p.SixTargetMarketingSlide          : raw Text 19-25
2026-05-17T18:09:23.600-04:00  INFO 5269 --- [web] [http-nio-8081-exec-2] w.p.s.p.SixTargetMarketingSlide          :  cell data 26-35
2026-05-17T18:09:23.600-04:00  INFO 5269 --- [web] [http-nio-8081-exec-2] w.p.s.p.SixTargetMarketingSlide          : raw Text 26-35
2026-05-17T18:09:23.600-04:00  INFO 5269 --- [web] [http-nio-8081-exec-2] w.p.s.p.SixTargetMarketingSlide          :  cell data 36-45
2026-05-17T18:09:23.600-04:00  INFO 5269 --- [web] [http-nio-8081-exec-2] w.p.s.p.SixTargetMarketingSlide          : raw Text 36-45
2026-05-17T18:09:23.600-04:00  INFO 5269 --- [web] [http-nio-8081-exec-2] w.p.s.p.SixTargetMarketingSlide          :  cell data 46-55
2026-05-17T18:09:23.600-04:00  INFO 5269 --- [web] [http-nio-8081-exec-2] w.p.s.p.SixTargetMarketingSlide          : raw Text 46-55
2026-05-17T18:09:23.600-04:00  INFO 5269 --- [web] [http-nio-8081-exec-2] w.p.s.p.SixTargetMarketingSlide          :  cell data 56+
2026-05-17T18:09:23.601-04:00  INFO 5269 --- [web] [http-nio-8081-exec-2] w.p.s.p.SixTargetMarketingSlide          : raw Text 56+
2026-05-17T18:09:23.601-04:00  INFO 5269 --- [web] [http-nio-8081-exec-2] w.p.s.p.SixTargetMarketingSlide          :  cell data have12to18
2026-05-17T18:09:23.602-04:00  INFO 5269 --- [web] [http-nio-8081-exec-2] w.p.s.p.SixTargetMarketingSlide          : raw Text have12to18
2026-05-17T18:09:23.602-04:00  INFO 5269 --- [web] [http-nio-8081-exec-2] w.p.s.p.SixTargetMarketingSlide          :  cell data have19to25
2026-05-17T18:09:23.602-04:00  INFO 5269 --- [web] [http-nio-8081-exec-2] w.p.s.p.SixTargetMarketingSlide          : raw Text have19to25
2026-05-17T18:09:23.603-04:00  INFO 5269 --- [web] [http-nio-8081-exec-2] w.p.s.p.SixTargetMarketingSlide          :  cell data have26to35
2026-05-17T18:09:23.603-04:00  INFO 5269 --- [web] [http-nio-8081-exec-2] w.p.s.p.SixTargetMarketingSlide          : raw Text have26to35
2026-05-17T18:09:23.603-04:00  INFO 5269 --- [web] [http-nio-8081-exec-2] w.p.s.p.SixTargetMarketingSlide          :  cell data have36to45
2026-05-17T18:09:23.603-04:00  INFO 5269 --- [web] [http-nio-8081-exec-2] w.p.s.p.SixTargetMarketingSlide          : raw Text have36to45
2026-05-17T18:09:23.604-04:00  INFO 5269 --- [web] [http-nio-8081-exec-2] w.p.s.p.SixTargetMarketingSlide          :  cell data have46to55
2026-05-17T18:09:23.604-04:00  INFO 5269 --- [web] [http-nio-8081-exec-2] w.p.s.p.SixTargetMarketingSlide          : raw Text have46to55
2026-05-17T18:09:23.604-04:00  INFO 5269 --- [web] [http-nio-8081-exec-2] w.p.s.p.SixTargetMarketingSlide          :  cell data have56Plus
2026-05-17T18:09:23.604-04:00  INFO 5269 --- [web] [http-nio-8081-exec-2] w.p.s.p.SixTargetMarketingSlide          : raw Text have56Plus
2026-05-17T18:09:23.604-04:00  INFO 5269 --- [web] [http-nio-8081-exec-2] w.p.s.p.SixTargetMarketingSlide          :  cell data want19to25
2026-05-17T18:09:23.605-04:00  INFO 5269 --- [web] [http-nio-8081-exec-2] w.p.s.p.SixTargetMarketingSlide          : raw Text want19to25
2026-05-17T18:09:23.605-04:00  INFO 5269 --- [web] [http-nio-8081-exec-2] w.p.s.p.SixTargetMarketingSlide          :  cell data want19to25
2026-05-17T18:09:23.605-04:00  INFO 5269 --- [web] [http-nio-8081-exec-2] w.p.s.p.SixTargetMarketingSlide          : raw Text want19to25
2026-05-17T18:09:23.606-04:00  INFO 5269 --- [web] [http-nio-8081-exec-2] w.p.s.p.SixTargetMarketingSlide          :  cell data want26to35
2026-05-17T18:09:23.606-04:00  INFO 5269 --- [web] [http-nio-8081-exec-2] w.p.s.p.SixTargetMarketingSlide          : raw Text want26to35
2026-05-17T18:09:23.606-04:00  INFO 5269 --- [web] [http-nio-8081-exec-2] w.p.s.p.SixTargetMarketingSlide          :  cell data want36to45
2026-05-17T18:09:23.606-04:00  INFO 5269 --- [web] [http-nio-8081-exec-2] w.p.s.p.SixTargetMarketingSlide          : raw Text want36to45
2026-05-17T18:09:23.606-04:00  INFO 5269 --- [web] [http-nio-8081-exec-2] w.p.s.p.SixTargetMarketingSlide          :  cell data want46to55
2026-05-17T18:09:23.606-04:00  INFO 5269 --- [web] [http-nio-8081-exec-2] w.p.s.p.SixTargetMarketingSlide          : raw Text want46to55
2026-05-17T18:09:23.606-04:00  INFO 5269 --- [web] [http-nio-8081-exec-2] w.p.s.p.SixTargetMarketingSlide          :  cell data want55Plus
2026-05-17T18:09:23.606-04:00  INFO 5269 --- [web] [http-nio-8081-exec-2] w.p.s.p.SixTargetMarketingSlide          : raw Text want55Plus
2026-05-17T18:17:18.737-04:00  INFO 5420 --- [web] [http-nio-8081-exec-7] w.p.s.p.SixTargetMarketingSlide          :  cell data 
2026-05-17T18:17:18.750-04:00  INFO 5420 --- [web] [http-nio-8081-exec-7] w.p.s.p.SixTargetMarketingSlide          :  cell data 
2026-05-17T18:17:18.750-04:00  INFO 5420 --- [web] [http-nio-8081-exec-7] w.p.s.p.SixTargetMarketingSlide          :  cell data Target 85%
2026-05-17T18:17:18.751-04:00  INFO 5420 --- [web] [http-nio-8081-exec-7] w.p.s.p.SixTargetMarketingSlide          : raw Text Target 85%
2026-05-17T18:17:18.751-04:00  INFO 5420 --- [web] [http-nio-8081-exec-7] w.p.s.p.SixTargetMarketingSlide          :  cell data 
2026-05-17T18:17:18.751-04:00  INFO 5420 --- [web] [http-nio-8081-exec-7] w.p.s.p.SixTargetMarketingSlide          :  cell data 
2026-05-17T18:17:18.752-04:00  INFO 5420 --- [web] [http-nio-8081-exec-7] w.p.s.p.SixTargetMarketingSlide          :  cell data 
2026-05-17T18:17:18.753-04:00  INFO 5420 --- [web] [http-nio-8081-exec-7] w.p.s.p.SixTargetMarketingSlide          :  cell data 12-18
2026-05-17T18:17:18.753-04:00  INFO 5420 --- [web] [http-nio-8081-exec-7] w.p.s.p.SixTargetMarketingSlide          : raw Text 12-18
2026-05-17T18:17:18.753-04:00  INFO 5420 --- [web] [http-nio-8081-exec-7] w.p.s.p.SixTargetMarketingSlide          :  cell data 19-25
2026-05-17T18:17:18.754-04:00  INFO 5420 --- [web] [http-nio-8081-exec-7] w.p.s.p.SixTargetMarketingSlide          : raw Text 19-25
2026-05-17T18:17:18.755-04:00  INFO 5420 --- [web] [http-nio-8081-exec-7] w.p.s.p.SixTargetMarketingSlide          :  cell data 26-35
2026-05-17T18:17:18.756-04:00  INFO 5420 --- [web] [http-nio-8081-exec-7] w.p.s.p.SixTargetMarketingSlide          : raw Text 26-35
2026-05-17T18:17:18.756-04:00  INFO 5420 --- [web] [http-nio-8081-exec-7] w.p.s.p.SixTargetMarketingSlide          :  cell data 36-45
2026-05-17T18:17:18.756-04:00  INFO 5420 --- [web] [http-nio-8081-exec-7] w.p.s.p.SixTargetMarketingSlide          : raw Text 36-45
2026-05-17T18:17:18.757-04:00  INFO 5420 --- [web] [http-nio-8081-exec-7] w.p.s.p.SixTargetMarketingSlide          :  cell data 46-55
2026-05-17T18:17:18.758-04:00  INFO 5420 --- [web] [http-nio-8081-exec-7] w.p.s.p.SixTargetMarketingSlide          : raw Text 46-55
2026-05-17T18:17:18.758-04:00  INFO 5420 --- [web] [http-nio-8081-exec-7] w.p.s.p.SixTargetMarketingSlide          :  cell data 56+
2026-05-17T18:17:18.758-04:00  INFO 5420 --- [web] [http-nio-8081-exec-7] w.p.s.p.SixTargetMarketingSlide          : raw Text 56+
2026-05-17T18:17:18.758-04:00  INFO 5420 --- [web] [http-nio-8081-exec-7] w.p.s.p.SixTargetMarketingSlide          :  cell data have12to18
2026-05-17T18:17:18.759-04:00  INFO 5420 --- [web] [http-nio-8081-exec-7] w.p.s.p.SixTargetMarketingSlide          : raw Text have12to18
2026-05-17T18:17:18.759-04:00  INFO 5420 --- [web] [http-nio-8081-exec-7] w.p.s.p.SixTargetMarketingSlide          :  cell data have19to25
2026-05-17T18:17:18.759-04:00  INFO 5420 --- [web] [http-nio-8081-exec-7] w.p.s.p.SixTargetMarketingSlide          : raw Text have19to25
2026-05-17T18:17:18.760-04:00  INFO 5420 --- [web] [http-nio-8081-exec-7] w.p.s.p.SixTargetMarketingSlide          :  cell data have26to35
2026-05-17T18:17:18.760-04:00  INFO 5420 --- [web] [http-nio-8081-exec-7] w.p.s.p.SixTargetMarketingSlide          : raw Text have26to35
2026-05-17T18:17:18.760-04:00  INFO 5420 --- [web] [http-nio-8081-exec-7] w.p.s.p.SixTargetMarketingSlide          :  cell data have36to45
2026-05-17T18:17:18.760-04:00  INFO 5420 --- [web] [http-nio-8081-exec-7] w.p.s.p.SixTargetMarketingSlide          : raw Text have36to45
2026-05-17T18:17:18.761-04:00  INFO 5420 --- [web] [http-nio-8081-exec-7] w.p.s.p.SixTargetMarketingSlide          :  cell data have46to55
2026-05-17T18:17:18.761-04:00  INFO 5420 --- [web] [http-nio-8081-exec-7] w.p.s.p.SixTargetMarketingSlide          : raw Text have46to55
2026-05-17T18:17:18.761-04:00  INFO 5420 --- [web] [http-nio-8081-exec-7] w.p.s.p.SixTargetMarketingSlide          :  cell data have56Plus
2026-05-17T18:17:18.761-04:00  INFO 5420 --- [web] [http-nio-8081-exec-7] w.p.s.p.SixTargetMarketingSlide          : raw Text have56Plus
2026-05-17T18:17:18.762-04:00  INFO 5420 --- [web] [http-nio-8081-exec-7] w.p.s.p.SixTargetMarketingSlide          :  cell data want19to25
2026-05-17T18:17:18.763-04:00  INFO 5420 --- [web] [http-nio-8081-exec-7] w.p.s.p.SixTargetMarketingSlide          : raw Text want19to25
2026-05-17T18:17:18.764-04:00  INFO 5420 --- [web] [http-nio-8081-exec-7] w.p.s.p.SixTargetMarketingSlide          :  cell data want19to25
2026-05-17T18:17:18.764-04:00  INFO 5420 --- [web] [http-nio-8081-exec-7] w.p.s.p.SixTargetMarketingSlide          : raw Text want19to25
2026-05-17T18:17:18.764-04:00  INFO 5420 --- [web] [http-nio-8081-exec-7] w.p.s.p.SixTargetMarketingSlide          :  cell data want26to35
2026-05-17T18:17:18.764-04:00  INFO 5420 --- [web] [http-nio-8081-exec-7] w.p.s.p.SixTargetMarketingSlide          : raw Text want26to35
2026-05-17T18:17:18.764-04:00  INFO 5420 --- [web] [http-nio-8081-exec-7] w.p.s.p.SixTargetMarketingSlide          :  cell data want36to45
2026-05-17T18:17:18.765-04:00  INFO 5420 --- [web] [http-nio-8081-exec-7] w.p.s.p.SixTargetMarketingSlide          : raw Text want36to45
2026-05-17T18:17:18.765-04:00  INFO 5420 --- [web] [http-nio-8081-exec-7] w.p.s.p.SixTargetMarketingSlide          :  cell data want46to55
2026-05-17T18:17:18.780-04:00  INFO 5420 --- [web] [http-nio-8081-exec-7] w.p.s.p.SixTargetMarketingSlide          : raw Text want46to55
2026-05-17T18:17:18.820-04:00  INFO 5420 --- [web] [http-nio-8081-exec-7] w.p.s.p.SixTargetMarketingSlide          :  cell data want55Plus
2026-05-17T18:17:18.822-04:00  INFO 5420 --- [web] [http-nio-8081-exec-7] w.p.s.p.SixTargetMarketingSlide          : raw Text want55Plus
2026-05-17T19:16:26.796-04:00  INFO 5633 --- [web] [http-nio-8081-exec-5] w.p.s.p.SixTargetMarketingSlide          :  cell data 
2026-05-17T19:16:26.810-04:00  INFO 5633 --- [web] [http-nio-8081-exec-5] w.p.s.p.SixTargetMarketingSlide          :  cell data 
2026-05-17T19:16:26.811-04:00  INFO 5633 --- [web] [http-nio-8081-exec-5] w.p.s.p.SixTargetMarketingSlide          :  cell data Target 85%
2026-05-17T19:16:26.811-04:00  INFO 5633 --- [web] [http-nio-8081-exec-5] w.p.s.p.SixTargetMarketingSlide          : raw Text Target 85%
2026-05-17T19:16:26.812-04:00  INFO 5633 --- [web] [http-nio-8081-exec-5] w.p.s.p.SixTargetMarketingSlide          :  cell data 
2026-05-17T19:16:26.812-04:00  INFO 5633 --- [web] [http-nio-8081-exec-5] w.p.s.p.SixTargetMarketingSlide          :  cell data 
2026-05-17T19:16:26.812-04:00  INFO 5633 --- [web] [http-nio-8081-exec-5] w.p.s.p.SixTargetMarketingSlide          :  cell data 
2026-05-17T19:16:26.813-04:00  INFO 5633 --- [web] [http-nio-8081-exec-5] w.p.s.p.SixTargetMarketingSlide          :  cell data 12-18
2026-05-17T19:16:26.813-04:00  INFO 5633 --- [web] [http-nio-8081-exec-5] w.p.s.p.SixTargetMarketingSlide          : raw Text 12-18
2026-05-17T19:16:26.814-04:00  INFO 5633 --- [web] [http-nio-8081-exec-5] w.p.s.p.SixTargetMarketingSlide          :  cell data 19-25
2026-05-17T19:16:26.814-04:00  INFO 5633 --- [web] [http-nio-8081-exec-5] w.p.s.p.SixTargetMarketingSlide          : raw Text 19-25
2026-05-17T19:16:26.815-04:00  INFO 5633 --- [web] [http-nio-8081-exec-5] w.p.s.p.SixTargetMarketingSlide          :  cell data 26-35
2026-05-17T19:16:26.815-04:00  INFO 5633 --- [web] [http-nio-8081-exec-5] w.p.s.p.SixTargetMarketingSlide          : raw Text 26-35
2026-05-17T19:16:26.815-04:00  INFO 5633 --- [web] [http-nio-8081-exec-5] w.p.s.p.SixTargetMarketingSlide          :  cell data 36-45
2026-05-17T19:16:26.816-04:00  INFO 5633 --- [web] [http-nio-8081-exec-5] w.p.s.p.SixTargetMarketingSlide          : raw Text 36-45
2026-05-17T19:16:26.816-04:00  INFO 5633 --- [web] [http-nio-8081-exec-5] w.p.s.p.SixTargetMarketingSlide          :  cell data 46-55
2026-05-17T19:16:26.817-04:00  INFO 5633 --- [web] [http-nio-8081-exec-5] w.p.s.p.SixTargetMarketingSlide          : raw Text 46-55
2026-05-17T19:16:26.817-04:00  INFO 5633 --- [web] [http-nio-8081-exec-5] w.p.s.p.SixTargetMarketingSlide          :  cell data 56+
2026-05-17T19:16:26.818-04:00  INFO 5633 --- [web] [http-nio-8081-exec-5] w.p.s.p.SixTargetMarketingSlide          : raw Text 56+
2026-05-17T19:16:26.818-04:00  INFO 5633 --- [web] [http-nio-8081-exec-5] w.p.s.p.SixTargetMarketingSlide          :  cell data have12to18
2026-05-17T19:16:26.818-04:00  INFO 5633 --- [web] [http-nio-8081-exec-5] w.p.s.p.SixTargetMarketingSlide          : raw Text have12to18
2026-05-17T19:16:26.818-04:00  INFO 5633 --- [web] [http-nio-8081-exec-5] w.p.s.p.SixTargetMarketingSlide          :  cell data have19to25
2026-05-17T19:16:26.818-04:00  INFO 5633 --- [web] [http-nio-8081-exec-5] w.p.s.p.SixTargetMarketingSlide          : raw Text have19to25
2026-05-17T19:16:26.818-04:00  INFO 5633 --- [web] [http-nio-8081-exec-5] w.p.s.p.SixTargetMarketingSlide          :  cell data have26to35
2026-05-17T19:16:26.818-04:00  INFO 5633 --- [web] [http-nio-8081-exec-5] w.p.s.p.SixTargetMarketingSlide          : raw Text have26to35
2026-05-17T19:16:26.818-04:00  INFO 5633 --- [web] [http-nio-8081-exec-5] w.p.s.p.SixTargetMarketingSlide          :  cell data have36to45
2026-05-17T19:16:26.819-04:00  INFO 5633 --- [web] [http-nio-8081-exec-5] w.p.s.p.SixTargetMarketingSlide          : raw Text have36to45
2026-05-17T19:16:26.819-04:00  INFO 5633 --- [web] [http-nio-8081-exec-5] w.p.s.p.SixTargetMarketingSlide          :  cell data have46to55
2026-05-17T19:16:26.819-04:00  INFO 5633 --- [web] [http-nio-8081-exec-5] w.p.s.p.SixTargetMarketingSlide          : raw Text have46to55
2026-05-17T19:16:26.820-04:00  INFO 5633 --- [web] [http-nio-8081-exec-5] w.p.s.p.SixTargetMarketingSlide          :  cell data have56Plus
2026-05-17T19:16:26.820-04:00  INFO 5633 --- [web] [http-nio-8081-exec-5] w.p.s.p.SixTargetMarketingSlide          : raw Text have56Plus
2026-05-17T19:16:26.820-04:00  INFO 5633 --- [web] [http-nio-8081-exec-5] w.p.s.p.SixTargetMarketingSlide          :  cell data want19to25
2026-05-17T19:16:26.820-04:00  INFO 5633 --- [web] [http-nio-8081-exec-5] w.p.s.p.SixTargetMarketingSlide          : raw Text want19to25
2026-05-17T19:16:26.821-04:00  INFO 5633 --- [web] [http-nio-8081-exec-5] w.p.s.p.SixTargetMarketingSlide          :  cell data want19to25
2026-05-17T19:16:26.821-04:00  INFO 5633 --- [web] [http-nio-8081-exec-5] w.p.s.p.SixTargetMarketingSlide          : raw Text want19to25
2026-05-17T19:16:26.821-04:00  INFO 5633 --- [web] [http-nio-8081-exec-5] w.p.s.p.SixTargetMarketingSlide          :  cell data want26to35
2026-05-17T19:16:26.821-04:00  INFO 5633 --- [web] [http-nio-8081-exec-5] w.p.s.p.SixTargetMarketingSlide          : raw Text want26to35
2026-05-17T19:16:26.821-04:00  INFO 5633 --- [web] [http-nio-8081-exec-5] w.p.s.p.SixTargetMarketingSlide          :  cell data want36to45
2026-05-17T19:16:26.821-04:00  INFO 5633 --- [web] [http-nio-8081-exec-5] w.p.s.p.SixTargetMarketingSlide          : raw Text want36to45
2026-05-17T19:16:26.821-04:00  INFO 5633 --- [web] [http-nio-8081-exec-5] w.p.s.p.SixTargetMarketingSlide          :  cell data want46to55
2026-05-17T19:16:26.821-04:00  INFO 5633 --- [web] [http-nio-8081-exec-5] w.p.s.p.SixTargetMarketingSlide          : raw Text want46to55
2026-05-17T19:16:26.822-04:00  INFO 5633 --- [web] [http-nio-8081-exec-5] w.p.s.p.SixTargetMarketingSlide          :  cell data want55Plus
2026-05-17T19:16:26.822-04:00  INFO 5633 --- [web] [http-nio-8081-exec-5] w.p.s.p.SixTargetMarketingSlide          : raw Text want55Plus
2026-05-17T19:56:45.592-04:00  INFO 5974 --- [web] [http-nio-8081-exec-7] w.p.s.p.SixTargetMarketingSlide          :  cell data 
2026-05-17T19:56:45.607-04:00  INFO 5974 --- [web] [http-nio-8081-exec-7] w.p.s.p.SixTargetMarketingSlide          :  cell data 
2026-05-17T19:56:45.607-04:00  INFO 5974 --- [web] [http-nio-8081-exec-7] w.p.s.p.SixTargetMarketingSlide          :  cell data Target 85%
2026-05-17T19:56:45.608-04:00  INFO 5974 --- [web] [http-nio-8081-exec-7] w.p.s.p.SixTargetMarketingSlide          : raw Text Target 85%
2026-05-17T19:56:45.608-04:00  INFO 5974 --- [web] [http-nio-8081-exec-7] w.p.s.p.SixTargetMarketingSlide          :  cell data 
2026-05-17T19:56:45.608-04:00  INFO 5974 --- [web] [http-nio-8081-exec-7] w.p.s.p.SixTargetMarketingSlide          :  cell data 
2026-05-17T19:56:45.609-04:00  INFO 5974 --- [web] [http-nio-8081-exec-7] w.p.s.p.SixTargetMarketingSlide          :  cell data 
2026-05-17T19:56:45.610-04:00  INFO 5974 --- [web] [http-nio-8081-exec-7] w.p.s.p.SixTargetMarketingSlide          :  cell data 12-18
2026-05-17T19:56:45.610-04:00  INFO 5974 --- [web] [http-nio-8081-exec-7] w.p.s.p.SixTargetMarketingSlide          : raw Text 12-18
2026-05-17T19:56:45.610-04:00  INFO 5974 --- [web] [http-nio-8081-exec-7] w.p.s.p.SixTargetMarketingSlide          :  cell data 19-25
2026-05-17T19:56:45.611-04:00  INFO 5974 --- [web] [http-nio-8081-exec-7] w.p.s.p.SixTargetMarketingSlide          : raw Text 19-25
2026-05-17T19:56:45.612-04:00  INFO 5974 --- [web] [http-nio-8081-exec-7] w.p.s.p.SixTargetMarketingSlide          :  cell data 26-35
2026-05-17T19:56:45.612-04:00  INFO 5974 --- [web] [http-nio-8081-exec-7] w.p.s.p.SixTargetMarketingSlide          : raw Text 26-35
2026-05-17T19:56:45.612-04:00  INFO 5974 --- [web] [http-nio-8081-exec-7] w.p.s.p.SixTargetMarketingSlide          :  cell data 36-45
2026-05-17T19:56:45.612-04:00  INFO 5974 --- [web] [http-nio-8081-exec-7] w.p.s.p.SixTargetMarketingSlide          : raw Text 36-45
2026-05-17T19:56:45.612-04:00  INFO 5974 --- [web] [http-nio-8081-exec-7] w.p.s.p.SixTargetMarketingSlide          :  cell data 46-55
2026-05-17T19:56:45.612-04:00  INFO 5974 --- [web] [http-nio-8081-exec-7] w.p.s.p.SixTargetMarketingSlide          : raw Text 46-55
2026-05-17T19:56:45.612-04:00  INFO 5974 --- [web] [http-nio-8081-exec-7] w.p.s.p.SixTargetMarketingSlide          :  cell data 56+
2026-05-17T19:56:45.614-04:00  INFO 5974 --- [web] [http-nio-8081-exec-7] w.p.s.p.SixTargetMarketingSlide          : raw Text 56+
2026-05-17T19:56:45.614-04:00  INFO 5974 --- [web] [http-nio-8081-exec-7] w.p.s.p.SixTargetMarketingSlide          :  cell data have12to18
2026-05-17T19:56:45.614-04:00  INFO 5974 --- [web] [http-nio-8081-exec-7] w.p.s.p.SixTargetMarketingSlide          : raw Text have12to18
2026-05-17T19:56:45.614-04:00  INFO 5974 --- [web] [http-nio-8081-exec-7] w.p.s.p.SixTargetMarketingSlide          :  cell data have19to25
2026-05-17T19:56:45.615-04:00  INFO 5974 --- [web] [http-nio-8081-exec-7] w.p.s.p.SixTargetMarketingSlide          : raw Text have19to25
2026-05-17T19:56:45.615-04:00  INFO 5974 --- [web] [http-nio-8081-exec-7] w.p.s.p.SixTargetMarketingSlide          :  cell data have26to35
2026-05-17T19:56:45.615-04:00  INFO 5974 --- [web] [http-nio-8081-exec-7] w.p.s.p.SixTargetMarketingSlide          : raw Text have26to35
2026-05-17T19:56:45.615-04:00  INFO 5974 --- [web] [http-nio-8081-exec-7] w.p.s.p.SixTargetMarketingSlide          :  cell data have36to45
2026-05-17T19:56:45.616-04:00  INFO 5974 --- [web] [http-nio-8081-exec-7] w.p.s.p.SixTargetMarketingSlide          : raw Text have36to45
2026-05-17T19:56:45.616-04:00  INFO 5974 --- [web] [http-nio-8081-exec-7] w.p.s.p.SixTargetMarketingSlide          :  cell data have46to55
2026-05-17T19:56:45.617-04:00  INFO 5974 --- [web] [http-nio-8081-exec-7] w.p.s.p.SixTargetMarketingSlide          : raw Text have46to55
2026-05-17T19:56:45.617-04:00  INFO 5974 --- [web] [http-nio-8081-exec-7] w.p.s.p.SixTargetMarketingSlide          :  cell data have56Plus
2026-05-17T19:56:45.617-04:00  INFO 5974 --- [web] [http-nio-8081-exec-7] w.p.s.p.SixTargetMarketingSlide          : raw Text have56Plus
2026-05-17T19:56:45.617-04:00  INFO 5974 --- [web] [http-nio-8081-exec-7] w.p.s.p.SixTargetMarketingSlide          :  cell data want19to25
2026-05-17T19:56:45.618-04:00  INFO 5974 --- [web] [http-nio-8081-exec-7] w.p.s.p.SixTargetMarketingSlide          : raw Text want19to25
2026-05-17T19:56:45.618-04:00  INFO 5974 --- [web] [http-nio-8081-exec-7] w.p.s.p.SixTargetMarketingSlide          :  cell data want19to25
2026-05-17T19:56:45.618-04:00  INFO 5974 --- [web] [http-nio-8081-exec-7] w.p.s.p.SixTargetMarketingSlide          : raw Text want19to25
2026-05-17T19:56:45.618-04:00  INFO 5974 --- [web] [http-nio-8081-exec-7] w.p.s.p.SixTargetMarketingSlide          :  cell data want26to35
2026-05-17T19:56:45.618-04:00  INFO 5974 --- [web] [http-nio-8081-exec-7] w.p.s.p.SixTargetMarketingSlide          : raw Text want26to35
2026-05-17T19:56:45.619-04:00  INFO 5974 --- [web] [http-nio-8081-exec-7] w.p.s.p.SixTargetMarketingSlide          :  cell data want36to45
2026-05-17T19:56:45.619-04:00  INFO 5974 --- [web] [http-nio-8081-exec-7] w.p.s.p.SixTargetMarketingSlide          : raw Text want36to45
2026-05-17T19:56:45.619-04:00  INFO 5974 --- [web] [http-nio-8081-exec-7] w.p.s.p.SixTargetMarketingSlide          :  cell data want46to55
2026-05-17T19:56:45.619-04:00  INFO 5974 --- [web] [http-nio-8081-exec-7] w.p.s.p.SixTargetMarketingSlide          : raw Text want46to55
2026-05-17T19:56:45.619-04:00  INFO 5974 --- [web] [http-nio-8081-exec-7] w.p.s.p.SixTargetMarketingSlide          :  cell data want55Plus
2026-05-17T19:56:45.619-04:00  INFO 5974 --- [web] [http-nio-8081-exec-7] w.p.s.p.SixTargetMarketingSlide          : raw Text want55Plus
2026-06-21T21:36:00.140-04:00  INFO 10640 --- [web] [main] w.WebApplication                         : Starting WebApplication using Java 24.0.2 with PID 10640 (/Users/andrewhinton/Documents/GitHub/wizardclean/mavenprojectSCR/target/classes started by andrewhinton in /Users/andrewhinton/Documents/GitHub/wizardclean/mavenprojectSCR)
2026-06-21T21:36:00.150-04:00  INFO 10640 --- [web] [main] w.WebApplication                         : No active profile set, falling back to 1 default profile: "default"
2026-06-21T21:36:01.616-04:00  INFO 10640 --- [web] [main] .s.d.r.c.RepositoryConfigurationDelegate : Bootstrapping Spring Data JPA repositories in DEFAULT mode.
2026-06-21T21:36:01.878-04:00  INFO 10640 --- [web] [main] .s.d.r.c.RepositoryConfigurationDelegate : Finished Spring Data repository scanning in 247 ms. Found 7 JPA repository interfaces.
2026-06-21T21:36:02.909-04:00  INFO 10640 --- [web] [main] o.s.b.w.e.t.TomcatWebServer              : Tomcat initialized with port 8081 (http)
2026-06-21T21:36:02.937-04:00  INFO 10640 --- [web] [main] o.a.c.c.StandardService                  : Starting service [Tomcat]
2026-06-21T21:36:02.938-04:00  INFO 10640 --- [web] [main] o.a.c.c.StandardEngine                   : Starting Servlet engine: [Apache Tomcat/10.1.44]
2026-06-21T21:36:02.994-04:00  INFO 10640 --- [web] [main] o.a.c.c.C.[.[.[/]                        : Initializing Spring embedded WebApplicationContext
2026-06-21T21:36:02.995-04:00  INFO 10640 --- [web] [main] w.s.c.ServletWebServerApplicationContext : Root WebApplicationContext: initialization completed in 2759 ms
2026-06-21T21:36:03.379-04:00  INFO 10640 --- [web] [main] o.h.j.i.u.LogHelper                      : HHH000204: Processing PersistenceUnitInfo [name: default]
2026-06-21T21:36:03.484-04:00  INFO 10640 --- [web] [main] o.h.Version                              : HHH000412: Hibernate ORM core version 6.6.26.Final
2026-06-21T21:36:03.536-04:00  INFO 10640 --- [web] [main] o.h.c.i.RegionFactoryInitiator           : HHH000026: Second-level cache disabled
2026-06-21T21:36:03.837-04:00  INFO 10640 --- [web] [main] o.s.o.j.p.SpringPersistenceUnitInfo      : No LoadTimeWeaver setup: ignoring JPA class transformer
2026-06-21T21:36:03.860-04:00  INFO 10640 --- [web] [main] c.z.h.HikariDataSource                   : HikariPool-1 - Starting...
2026-06-21T21:36:04.398-04:00  INFO 10640 --- [web] [main] c.z.h.p.PoolBase                         : HikariPool-1 - Driver does not support get/set network timeout for connections. (feature not supported)
2026-06-21T21:36:04.401-04:00  INFO 10640 --- [web] [main] c.z.h.p.HikariPool                       : HikariPool-1 - Added connection org.hsqldb.jdbc.JDBCConnection@d512c1
2026-06-21T21:36:04.403-04:00  INFO 10640 --- [web] [main] c.z.h.HikariDataSource                   : HikariPool-1 - Start completed.
2026-06-21T21:36:04.468-04:00  INFO 10640 --- [web] [main] o.h.o.c.pooling                          : HHH10001005: Database info:
	Database JDBC URL [Connecting through datasource 'HikariDataSource (HikariPool-1)']
	Database driver: undefined/unknown
	Database version: 2.7.4
	Autocommit mode: undefined/unknown
	Isolation level: undefined/unknown
	Minimum pool size: undefined/unknown
	Maximum pool size: undefined/unknown
2026-06-21T21:36:05.621-04:00  INFO 10640 --- [web] [main] o.h.e.t.j.p.i.JtaPlatformInitiator       : HHH000489: No JTA platform available (set 'hibernate.transaction.jta.platform' to enable JTA platform integration)
2026-06-21T21:36:05.636-04:00  INFO 10640 --- [web] [main] j.LocalContainerEntityManagerFactoryBean : Initialized JPA EntityManagerFactory for persistence unit 'default'
2026-06-21T21:36:06.121-04:00  INFO 10640 --- [web] [main] w.s.MyUserDetailService                  : MyUserDetailService
2026-06-21T21:36:06.176-04:00  INFO 10640 --- [web] [main] w.c.WebSecurityConfig                    : WebSecurityConfig
2026-06-21T21:36:06.180-04:00  INFO 10640 --- [web] [main] f.a.AutowiredAnnotationBeanPostProcessor : Autowired annotation is not supported on static fields: private static final org.slf4j.Logger web.controller.AgentController.mLog
2026-06-21T21:36:06.446-04:00  WARN 10640 --- [web] [main] JpaBaseConfiguration$JpaWebConfiguration : spring.jpa.open-in-view is enabled by default. Therefore, database queries may be performed during view rendering. Explicitly configure spring.jpa.open-in-view to disable this warning
2026-06-21T21:36:06.489-04:00  INFO 10640 --- [web] [main] w.c.WebSecurityConfig                    : authenticationProvider
2026-06-21T21:36:06.532-04:00  INFO 10640 --- [web] [main] w.c.WebSecurityConfig                    : passwordEncoder()
2026-06-21T21:36:06.539-04:00  INFO 10640 --- [web] [main] eAuthenticationProviderManagerConfigurer : Global AuthenticationManager configured with AuthenticationProvider bean with name authenticationProvider
2026-06-21T21:36:06.541-04:00  WARN 10640 --- [web] [main] r$InitializeUserDetailsManagerConfigurer : Global AuthenticationManager configured with an AuthenticationProvider bean. UserDetailsService beans will not be used by Spring Security for automatically configuring username/password login. Consider removing the AuthenticationProvider bean. Alternatively, consider using the UserDetailsService in a manually instantiated DaoAuthenticationProvider. If the current configuration is intentional, to turn off this warning, increase the logging level of 'org.springframework.security.config.annotation.authentication.configuration.InitializeUserDetailsBeanManagerConfigurer' to ERROR
2026-06-21T21:36:06.577-04:00  INFO 10640 --- [web] [main] w.c.WebSecurityConfig                    : securityFilterChain
2026-06-21T21:36:06.611-04:00  INFO 10640 --- [web] [main] o.s.b.a.w.s.WelcomePageHandlerMapping    : Adding welcome page: class path resource [static/index.html]
2026-06-21T21:36:07.304-04:00  INFO 10640 --- [web] [main] o.s.b.w.e.t.TomcatWebServer              : Tomcat started on port 8081 (http) with context path '/'
2026-06-21T21:36:07.322-04:00  INFO 10640 --- [web] [main] w.WebApplication                         : Started WebApplication in 8.045 seconds (process running for 9.02)
2026-06-21T21:36:52.612-04:00  INFO 10640 --- [web] [SpringApplicationShutdownHook] o.s.b.w.e.t.GracefulShutdown             : Commencing graceful shutdown. Waiting for active requests to complete
2026-06-21T21:36:52.626-04:00  INFO 10640 --- [web] [tomcat-shutdown] o.s.b.w.e.t.GracefulShutdown             : Graceful shutdown complete
2026-06-21T21:36:52.636-04:00  INFO 10640 --- [web] [SpringApplicationShutdownHook] j.LocalContainerEntityManagerFactoryBean : Closing JPA EntityManagerFactory for persistence unit 'default'
2026-06-21T21:36:52.641-04:00  INFO 10640 --- [web] [SpringApplicationShutdownHook] c.z.h.HikariDataSource                   : HikariPool-1 - Shutdown initiated...
2026-06-21T21:36:52.648-04:00  INFO 10640 --- [web] [SpringApplicationShutdownHook] c.z.h.HikariDataSource                   : HikariPool-1 - Shutdown completed.
